Virus name	Accession ID	Collection date	Location	Host	Additional location information	Gender	Patient age	Patient status	Passage	Specimen	Additional host information	Lineage	Clade
hCoV-19/USA/IL2/2020	EPI_ISL_410045	2020-01-28	North America / USA / Illinois	Human		Male	68		Original	Sputum		A.3	S
hCoV-19/New Zealand/20VR0275/2020	EPI_ISL_416538	2020-03-15	Oceania / New Zealand / Wellington	Human		Male	unknown		Original	Swab	Travel from USA	A.3	S
hCoV-19/USA/CT-UW260/2020	EPI_ISL_418045	2020-03-14	North America / USA / Connecticut	Human		unknown	unknown		Original			A.3	S
hCoV-19/USA/WA-UW301/2020	EPI_ISL_418869	2020-03-16	North America / USA / Washington	Human		unknown	unknown		Original			A.3	S
hCoV-19/USA/WA-UW330/2020	EPI_ISL_418897	2020-03-16	North America / USA / Washington	Human		unknown	unknown		Original			A.3	S
hCoV-19/Australia/VIC108/2020	EPI_ISL_419714	2020-03-18	Oceania / Australia / Victoria	Human		Female	21		Original			A.3	S
hCoV-19/Australia/VIC117/2020	EPI_ISL_419727	2020-03-19	Oceania / Australia / Victoria	Human		Female	64		Original			A.3	S
hCoV-19/Australia/VIC17/2020	EPI_ISL_419736	2020-03-07	Oceania / Australia / Victoria	Human		unknown	unknown	unknown	Original			A.3	S
hCoV-19/Australia/VIC27/2020	EPI_ISL_419746	2020-03-10	Oceania / Australia / Victoria	Human		Male	37		Original			A.3	S
hCoV-19/Australia/VIC28/2020	EPI_ISL_419747	2020-03-10	Oceania / Australia / Victoria	Human		Male	63		Original			A.3	S
hCoV-19/Australia/VIC32/2020	EPI_ISL_419751	2020-03-10	Oceania / Australia / Victoria	Human		Male	56		Original			A.3	S
hCoV-19/Australia/VIC33/2020	EPI_ISL_419752	2020-03-10	Oceania / Australia / Victoria	Human		Female	53		Original			A.3	S
hCoV-19/Australia/VIC35/2020	EPI_ISL_419755	2020-03-10	Oceania / Australia / Victoria	Human		Male	54		Original			A.3	S
hCoV-19/Australia/VIC53/2020	EPI_ISL_419769	2020-03-12	Oceania / Australia / Victoria	Human		Male	48		Original			A.3	S
hCoV-19/Australia/VIC56/2020	EPI_ISL_419777	2020-03-12	Oceania / Australia / Victoria	Human		Male	63		Original			A.3	S
hCoV-19/Australia/VIC73/2020	EPI_ISL_419785	2020-03-14	Oceania / Australia / Victoria	Human		Male	65		Original			A.3	S
hCoV-19/Australia/VIC76/2020	EPI_ISL_419788	2020-03-14	Oceania / Australia / Victoria	Human		Female	54		Original			A.3	S
hCoV-19/Australia/VIC77/2020	EPI_ISL_419789	2020-03-14	Oceania / Australia / Victoria	Human		Male	61		Original			A.3	S
hCoV-19/Australia/VIC85/2020	EPI_ISL_419795	2020-03-15	Oceania / Australia / Victoria	Human		Male	26		Original			A.3	S
hCoV-19/Australia/VIC86/2020	EPI_ISL_419796	2020-03-15	Oceania / Australia / Victoria	Human		Female	25		Original			A.3	S
hCoV-19/Australia/VIC100/2020	EPI_ISL_419812	2020-03-16	Oceania / Australia / Victoria	Human		Female	53		Original			A.3	S
hCoV-19/Australia/VIC103/2020	EPI_ISL_419814	2020-03-17	Oceania / Australia / Victoria	Human		Female	65		Original			A.3	S
hCoV-19/Australia/VIC112/2020	EPI_ISL_419821	2020-03-18	Oceania / Australia / Victoria	Human		Female	57		Original			A.3	S
hCoV-19/Australia/VIC51/2020	EPI_ISL_419826	2020-03-12	Oceania / Australia / Victoria	Human		Male	64		Original			A.3	S
hCoV-19/Australia/VIC150/2020	EPI_ISL_419847	2020-03-17	Oceania / Australia / Victoria	Human		Male	54		Original			A.3	S
hCoV-19/Australia/VIC209/2020	EPI_ISL_419904	2020-03-20	Oceania / Australia / Victoria	Human		Female	27		Original			A.3	S
hCoV-19/Australia/VIC215/2020	EPI_ISL_419910	2020-03-20	Oceania / Australia / Victoria	Human		unknown	48		Original			A.3	S
hCoV-19/USA/GA_1320/2020	EPI_ISL_420786	2020-03-03	North America / USA / Georgia	Human		Female	46		Original	Nasopharyngeal swab		A.3	S
hCoV-19/USA/GA_1445/2020	EPI_ISL_420788	2020-03-04	North America / USA / Georgia	Human		Female	unknown		Original	Throat (Oropharyngeal) swab		A.3	S
hCoV-19/USA/UT-0288/2020	EPI_ISL_420808	2020-03-24	North America / USA / Utah	Human		unknown	unknown	unknown	Original			A.3	S
hCoV-19/USA/WI-UW-28/2020	EPI_ISL_421286	2020-03-25	North America / USA / Wisconsin / Dane county	Human		unknown	unknown	unknown	Original	Nasal swab		A.3	S
hCoV-19/USA/WI-UW-33/2020	EPI_ISL_421291	2020-03-23	North America / USA / Wisconsin / Dane county	Human		unknown	unknown	unknown	Original	Nasal swab		A.3	S
hCoV-19/USA/NY-PV08490/2020	EPI_ISL_421426	2020-03-17	North America / USA / New York	Human		Male	22		Original	Nasopharyngeal swab		A.3	S
hCoV-19/Taiwan/NTU13/2020	EPI_ISL_422415	2020-03-17	Asia / Taiwan / Taipei	Human	Travel history to USA	Female	59	Hospitalized	Vero E6	Throat swab		A.3	S
hCoV-19/USA/SC_3569/2020	EPI_ISL_424841	2020-03-06	North America / USA / South Carolina	Human		Male	88		Original	nasopharyngeal swab		A.3	S
hCoV-19/USA/SC_3575/2020	EPI_ISL_424842	2020-03-07	North America / USA / South Carolina	Human		Male	85		Original	nasopharyngeal swab		A.3	S
hCoV-19/USA/FL_9655/2020	EPI_ISL_424854	2020-03-05	North America / USA / Florida	Human		unknown	65		Original	nasopharyngeal swab		A.3	S
hCoV-19/USA/GA_1847/2020	EPI_ISL_424859	2020-03-05	North America / USA / Georgia	Human		Male	68		Original	nasopharyngeal swab		A.3	S
hCoV-19/USA/GA_2055/2020	EPI_ISL_424860	2020-03	North America / USA / Georgia	Human		Female	unknown		Original	nasopharyngeal swab		A.3	S
hCoV-19/USA/GA_2118/2020	EPI_ISL_424861	2020-03-08	North America / USA / Georgia	Human		Male	unknown		Original	nasopharyngeal swab		A.3	S
hCoV-19/USA/GA_2120/2020	EPI_ISL_424862	2020-03	North America / USA / Georgia	Human		Female	67		Original	nasopharyngeal swab		A.3	S
hCoV-19/USA/GA_2343/2020	EPI_ISL_424864	2020-03-10	North America / USA / Georgia	Human		Female	40		Original	nasopharyngeal swab		A.3	S
hCoV-19/USA/SC_6370/2020	EPI_ISL_424888	2020-03-08	North America / USA / South Carolina	Human		Female	74		Original	nasopharyngeal swab		A.3	S
hCoV-19/USA/SC_3520/2020	EPI_ISL_424902	2020-03-05	North America / USA / South Carolina	Human		Female	84		Original	sputum		A.3	S
hCoV-19/USA/SC_3570/2020	EPI_ISL_424903	2020-03-07	North America / USA / South Carolina	Human		Female	84		Original	nasopharyngeal swab		A.3	S
hCoV-19/USA/SC_3571/2020	EPI_ISL_424904	2020-03-07	North America / USA / South Carolina	Human		Male	48		Original	nasopharyngeal swab		A.3	S
hCoV-19/USA/NC_200181/2020	EPI_ISL_424987	2020-03	North America / USA / North Carolina	Human		unknown	unknown	unknown	Original	Nasal Swab		A.3	S
hCoV-19/Scotland/CVR113/2020	EPI_ISL_425658	2020-03-15	Europe / United Kingdom / Scotland	Human		unknown	unknown	unknown	Original	unknown		A.3	S
hCoV-19/Scotland/CVR205/2020	EPI_ISL_425735	2020-03-19	Europe / United Kingdom / Scotland	Human		unknown	unknown	unknown	Original	unknown		A.3	S
hCoV-19/Scotland/CVR634/2020	EPI_ISL_425793	2020-03-25	Europe / United Kingdom / Scotland	Human		unknown	unknown	unknown	Original	unknown		A.3	S
hCoV-19/USA/WA-UW-2228/2020	EPI_ISL_426119	2020-03-23	North America / USA / Washington	Human		unknown	unknown		Original			A.3	S
hCoV-19/USA/GA_2070/2020	EPI_ISL_426417	2020-03-07	North America / USA / Georgia	Human		Male	unknown		Original	nasopharyngeal swab		A.3	S
hCoV-19/USA/AZ-TG268282/2020	EPI_ISL_426504	2020-03-17	North America / USA / Arizona	Human		unknown	unknown		Original			A.3	S
hCoV-19/USA/AZ-TG271435/2020	EPI_ISL_426534	2020-03-27	North America / USA / Arizona	Human		unknown	unknown	unknown	Original			A.3	S
hCoV-19/Australia/NT18/2020	EPI_ISL_426635	2020	Oceania / Australia / Northern territory	Human		unknown	unknown	unknown	Original			A.3	S
hCoV-19/Australia/VIC330/2020	EPI_ISL_426640	2020-03-18	Oceania / Australia / Victoria	Human		Male	64		Original			A.3	S
hCoV-19/Australia/VIC350/2020	EPI_ISL_426658	2020-03-20	Oceania / Australia / Victoria	Human		Female	58		Original			A.3	S
hCoV-19/Australia/VIC386/2020	EPI_ISL_426693	2020-03-23	Oceania / Australia / Victoria	Human		Male	71		Original			A.3	S
hCoV-19/Australia/VIC646/2020	EPI_ISL_426942	2020-03-24	Oceania / Australia / Victoria	Human		Female	71		Original			A.3	S
hCoV-19/Australia/VIC669/2020	EPI_ISL_426965	2020-03-27	Oceania / Australia / Victoria	Human		Female	48		Original			A.3	S
hCoV-19/Australia/VIC711/2020	EPI_ISL_426998	2020-03-29	Oceania / Australia / Victoria	Human		Female	25		Original			A.3	S
hCoV-19/Australia/VIC746/2020	EPI_ISL_427024	2020-03-29	Oceania / Australia / Victoria	Human		Female	71		Original			A.3	S
hCoV-19/Australia/VIC836/2020	EPI_ISL_427100	2020-04-04	Oceania / Australia / Victoria	Human		Female	25		Original			A.3	S
hCoV-19/Australia/VIC875/2020	EPI_ISL_427130	2020-04-05	Oceania / Australia / Victoria	Human		Female	25		Original			A.3	S
hCoV-19/Australia/VIC886/2020	EPI_ISL_427139	2020-04-06	Oceania / Australia / Victoria	Human		Female	71		Original			A.3	S
hCoV-19/USA/WA-UW-3841/2020	EPI_ISL_427190	2020-03-26	North America / USA / Washington	Human		unknown	unknown		Original			A.3	S
hCoV-19/USA/OH-OSUP0016/2020	EPI_ISL_427288	2020-03-31	North America / USA / Ohio / Columbus	Human		Male	22		Original			A.3	S
hCoV-19/USA/IL-UW-126/2020	EPI_ISL_427433	2020-04-11	North America / USA / Illinois / Winnebago county	Human		unknown	unknown	unknown	Original	Nasal swab		A.3	S
hCoV-19/USA/IL-UW-143/2020	EPI_ISL_427450	2020-04-13	North America / USA / Illinois / Winnebago county	Human		unknown	unknown	unknown	Original	Nasal swab		A.3	S
hCoV-19/USA/NY-WCMP11A03P/2020	EPI_ISL_427583	2020-03-16	North America / USA / New York / Manhattan	Human	Hospital	unknown	unknown		Original	Nasopharnygeal swab		A.3	S
hCoV-19/Australia/NSW213/2020	EPI_ISL_427726	2020-03-17	Oceania / Australia / New South Wales / Sydney	Human		unknown	Over 18	unknown	Original			A.3	O
hCoV-19/Australia/NSW214/2020	EPI_ISL_427727	2020-03-17	Oceania / Australia / New South Wales / Sydney	Human		unknown	Over 18	unknown	Original			A.3	O
hCoV-19/Australia/NSW215/2020	EPI_ISL_427730	2020-03-17	Oceania / Australia / New South Wales / Sydney	Human		unknown	Over 18	unknown	Original			A.3	O
hCoV-19/Australia/NSW216/2020	EPI_ISL_427732	2020-03-17	Oceania / Australia / New South Wales / Sydney	Human		unknown	Over 18	unknown	Original			A.3	O
hCoV-19/USA/WI-UW-166/2020	EPI_ISL_428262	2020-03-17	North America / USA / Wisconsin / Milwaukee county	Human		unknown	unknown	unknown	Original 	Nasopharyngeal swab		A.3	S
hCoV-19/USA/WI-UW-184/2020	EPI_ISL_428280	2020-03-22	North America / USA / Wisconsin / Milwaukee county	Human		unknown	unknown	unknown	Original 	Nasopharyngeal swab		A.3	S
hCoV-19/USA/WI-UW-189/2020	EPI_ISL_428285	2020-03-23	North America / USA / Wisconsin / Milwaukee county	Human		unknown	unknown	unknown	Original 	Nasopharyngeal swab		A.3	S
hCoV-19/USA/WI-UW-218/2020	EPI_ISL_428314	2020-03-25	North America / USA / Wisconsin / Milwaukee county	Human		unknown	unknown	unknown	Original 	Nasopharyngeal swab		A.3	S
hCoV-19/USA/WI-UW-235/2020	EPI_ISL_428331	2020-03-28	North America / USA / Wisconsin / Milwaukee county	Human		unknown	unknown	unknown	Original 	Nasopharyngeal swab		A.3	S
hCoV-19/USA/WI-UW-245/2020	EPI_ISL_428341	2020-03-28	North America / USA / Wisconsin / Milwaukee county	Human		unknown	unknown	unknown	Original 	Nasopharyngeal swab		A.3	S
hCoV-19/USA/WI-UW-252/2020	EPI_ISL_428726	2020-03-24	North America / USA / Wisconsin	Human		unknown	unknown	unknown	Original	Nasal swab		A.3	S
hCoV-19/USA/CA-CZB043/2020	EPI_ISL_429048	2020-03-25	North America / USA / California / San Francisco	Human		unknown	unknown		Original	Nasopharyngeal/oropharyngeal swab		A.3	S
hCoV-19/USA/VA-DCLS-0070/2020	EPI_ISL_429970	2020-03-28	North America / USA / Virginia	Human		unknown	unknown	unknown	Original			A.3	S
hCoV-19/USA/VA-DCLS-0071/2020	EPI_ISL_429971	2020-03-30	North America / USA / Virginia	Human		unknown	unknown	unknown	Original			A.3	S
hCoV-19/USA/WA-S262/2020	EPI_ISL_430116	2020-03-16	North America / USA / Washington	Human		unknown	unknown	unknown	Original			A.3	S
hCoV-19/USA/WA-S278/2020	EPI_ISL_430132	2020-03-17	North America / USA / Washington	Human		unknown	unknown	unknown	Original			A.3	S
hCoV-19/Australia/VIC1023/2020	EPI_ISL_430530	2020-04-02	Oceania / Australia / Victoria	Human		Female	20	unknown	Original			A.3	S
hCoV-19/Australia/VIC1079/2020	EPI_ISL_430565	2020-04-06	Oceania / Australia / Victoria	Human		Female	48	unknown	Original			A.3	S
hCoV-19/Australia/VIC1305/2020	EPI_ISL_430705	2020-04-10	Oceania / Australia / Victoria	Human		Female	20	unknown	Original			A.3	S
hCoV-19/Australia/VIC1295/2020	EPI_ISL_430712	2020-04-09	Oceania / Australia / Victoria	Human		Female	48	unknown	Original			A.3	S
hCoV-19/Scotland/CVR261/2020	EPI_ISL_433277	2020-03-20	Europe / United Kingdom / Scotland	Human		unknown	unknown	unknown	Original			A.3	S
hCoV-19/Scotland/CVR1361/2020	EPI_ISL_433554	2020-04-01	Europe / United Kingdom / Scotland	Human		unknown	unknown	unknown	Original			A.3	S
hCoV-19/Scotland/CVR1469/2020	EPI_ISL_433594	2020-04-02	Europe / United Kingdom / Scotland	Human		unknown	unknown	unknown	Original			A.3	S
hCoV-19/Scotland/CVR1856/2020	EPI_ISL_433660	2020-04-08	Europe / United Kingdom / Scotland	Human		unknown	unknown	unknown	Original			A.3	S
hCoV-19/USA/WA-S343/2020	EPI_ISL_434103	2020-04-02	North America / USA / Washington / Yakima County	Human		unknown	unknown	unknown	Original			A.3	S
hCoV-19/USA/VA-DCLS-0095/2020	EPI_ISL_434590	2020-04-09	North America / USA / Virginia	Human		unknown	unknown	unknown	Original			A.3	S
hCoV-19/USA/VA-DCLS-0097/2020	EPI_ISL_434591	2020-04-10	North America / USA / Virginia	Human		unknown	unknown	unknown	Original			A.3	S
hCoV-19/USA/VA-DCLS-0098/2020	EPI_ISL_434592	2020-04-10	North America / USA / Virginia	Human		unknown	unknown	unknown	Original			A.3	S
hCoV-19/USA/FL-UF2/2020	EPI_ISL_434637	2020-03-27	North America / USA / Florida	Human		Male	unknown	unknown	Original	Nasal Swab		A.3	S
hCoV-19/USA/MD-HP00030/2020	EPI_ISL_434686	2020-03-20	North America / USA / Maryland	Human		Male	73	unknown	Original	Nasopharyngeal swab		A.3	S
hCoV-19/USA/TX-HMH06/2020	EPI_ISL_434717	2020-03-16	North America / USA / Texas	Human		unknown	unknown	unknown	Original			A.3	S
hCoV-19/USA/TX-HMH021/2020	EPI_ISL_434731	2020-03-17	North America / USA / Texas	Human		unknown	unknown	unknown	Original			A.3	S
hCoV-19/USA/TX-HMH022/2020	EPI_ISL_434732	2020-03-17	North America / USA / Texas	Human		unknown	unknown	unknown	Original			A.3	S
hCoV-19/USA/TX-HMH049/2020	EPI_ISL_434758	2020-03-16	North America / USA / Texas	Human		unknown	unknown	unknown	Original			A.3	S
hCoV-19/USA/TX-HMH051/2020	EPI_ISL_434760	2020-03-17	North America / USA / Texas	Human		unknown	unknown	unknown	Original			A.3	S
hCoV-19/USA/TX-HMH057/2020	EPI_ISL_434766	2020-03-17	North America / USA / Texas	Human		unknown	unknown	unknown	Original			A.3	S
hCoV-19/USA/TX-HMH066/2020	EPI_ISL_434775	2020-03-18	North America / USA / Texas	Human		unknown	unknown	unknown	Original			A.3	S
hCoV-19/USA/TX-HMH068/2020	EPI_ISL_434777	2020-03-18	North America / USA / Texas	Human		unknown	unknown	unknown	Original			A.3	S
hCoV-19/USA/TX-HMH079/2020	EPI_ISL_434788	2020-03-19	North America / USA / Texas	Human		unknown	unknown	unknown	Original			A.3	S
hCoV-19/USA/TX-HMH092/2020	EPI_ISL_434797	2020-03-19	North America / USA / Texas	Human		unknown	unknown	unknown	Original			A.3	S
hCoV-19/USA/TX-HMH096/2020	EPI_ISL_434801	2020-03-19	North America / USA / Texas	Human		unknown	unknown	unknown	Original			A.3	S
hCoV-19/USA/TX-HMH0104/2020	EPI_ISL_434809	2020-03-20	North America / USA / Texas	Human		unknown	unknown	unknown	Original			A.3	S
hCoV-19/USA/TX-HMH0105/2020	EPI_ISL_434810	2020-03-20	North America / USA / Texas	Human		unknown	unknown	unknown	Original			A.3	S
hCoV-19/USA/TX-HMH0110/2020	EPI_ISL_434812	2020-03-20	North America / USA / Texas	Human		unknown	unknown	unknown	Original			A.3	S
hCoV-19/USA/TX-HMH0111/2020	EPI_ISL_434813	2020-03-20	North America / USA / Texas	Human		unknown	unknown	unknown	Original			A.3	S
hCoV-19/USA/TX-HMH0112/2020	EPI_ISL_434814	2020-03-20	North America / USA / Texas	Human		unknown	unknown	unknown	Original			A.3	S
hCoV-19/USA/TX-HMH0125/2020	EPI_ISL_434825	2020-03-20	North America / USA / Texas	Human		unknown	unknown	unknown	Original			A.3	S
hCoV-19/USA/TX-HMH0126/2020	EPI_ISL_434826	2020-03-20	North America / USA / Texas	Human		unknown	unknown	unknown	Original			A.3	S
hCoV-19/USA/TX-HMH0127/2020	EPI_ISL_434827	2020-03-20	North America / USA / Texas	Human		unknown	unknown	unknown	Original			A.3	S
hCoV-19/USA/TX-HMH0128/2020	EPI_ISL_434828	2020-03-21	North America / USA / Texas	Human		unknown	unknown	unknown	Original			A.3	S
hCoV-19/USA/TX-HMH0129/2020	EPI_ISL_434829	2020-03-21	North America / USA / Texas	Human		unknown	unknown	unknown	Original			A.3	S
hCoV-19/USA/TX-HMH0131/2020	EPI_ISL_434831	2020-03-21	North America / USA / Texas	Human		unknown	unknown	unknown	Original			A.3	S
hCoV-19/USA/TX-HMH0135/2020	EPI_ISL_434835	2020-03-21	North America / USA / Texas	Human		unknown	unknown	unknown	Original			A.3	S
hCoV-19/USA/TX-HMH0136/2020	EPI_ISL_434836	2020-03-21	North America / USA / Texas	Human		unknown	unknown	unknown	Original			A.3	S
hCoV-19/USA/TX-HMH0138/2020	EPI_ISL_434838	2020-03-21	North America / USA / Texas	Human		unknown	unknown	unknown	Original			A.3	S
hCoV-19/USA/TX-HMH0141/2020	EPI_ISL_434840	2020-03-21	North America / USA / Texas	Human		unknown	unknown	unknown	Original			A.3	S
hCoV-19/USA/TX-HMH0150/2020	EPI_ISL_434849	2020-03-22	North America / USA / Texas	Human		unknown	unknown	unknown	Original			A.3	S
hCoV-19/USA/TX-HMH0155/2020	EPI_ISL_434854	2020-03-23	North America / USA / Texas	Human		unknown	unknown	unknown	Original			A.3	S
hCoV-19/USA/TX-HMH0156/2020	EPI_ISL_434855	2020-03-23	North America / USA / Texas	Human		unknown	unknown	unknown	Original			A.3	S
hCoV-19/USA/TX-HMH0184/2020	EPI_ISL_434862	2020-03-23	North America / USA / Texas	Human		unknown	unknown	unknown	Original			A.3	S
hCoV-19/USA/TX-HMH0192/2020	EPI_ISL_434867	2020-03-23	North America / USA / Texas	Human		unknown	unknown	unknown	Original			A.3	S
hCoV-19/USA/TX-HMH0197/2020	EPI_ISL_434872	2020-03-23	North America / USA / Texas	Human		unknown	unknown	unknown	Original			A.3	S
hCoV-19/USA/TX-HMH0198/2020	EPI_ISL_434873	2020-03-24	North America / USA / Texas	Human		unknown	unknown	unknown	Original			A.3	S
hCoV-19/USA/TX-HMH0207/2020	EPI_ISL_434882	2020-03-24	North America / USA / Texas	Human		unknown	unknown	unknown	Original			A.3	S
hCoV-19/USA/TX-HMH0209/2020	EPI_ISL_434884	2020-03-24	North America / USA / Texas	Human		unknown	unknown	unknown	Original			A.3	S
hCoV-19/USA/TX-HMH0211/2020	EPI_ISL_434886	2020-03-24	North America / USA / Texas	Human		unknown	unknown	unknown	Original			A.3	S
hCoV-19/USA/TX-HMH0212/2020	EPI_ISL_434887	2020-03-24	North America / USA / Texas	Human		unknown	unknown	unknown	Original			A.3	S
hCoV-19/USA/TX-HMH0234/2020	EPI_ISL_434891	2020-03-24	North America / USA / Texas	Human		unknown	unknown	unknown	Original			A.3	S
hCoV-19/USA/TX-HMH0263/2020	EPI_ISL_434892	2020-03-26	North America / USA / Texas	Human		unknown	unknown	unknown	Original			A.3	S
hCoV-19/USA/TX-HMH0267/2020	EPI_ISL_434896	2020-03-26	North America / USA / Texas	Human		unknown	unknown	unknown	Original			A.3	S
hCoV-19/USA/TX-HMH0268/2020	EPI_ISL_434897	2020-03-26	North America / USA / Texas	Human		unknown	unknown	unknown	Original			A.3	S
hCoV-19/USA/TX-HMH0274/2020	EPI_ISL_434902	2020-03-27	North America / USA / Texas	Human		unknown	unknown	unknown	Original			A.3	S
hCoV-19/USA/TX-HMH0276/2020	EPI_ISL_434904	2020-03-27	North America / USA / Texas	Human		unknown	unknown	unknown	Original			A.3	S
hCoV-19/USA/TX-HMH0277/2020	EPI_ISL_434905	2020-03-27	North America / USA / Texas	Human		unknown	unknown	unknown	Original			A.3	S
hCoV-19/USA/TX-HMH0279/2020	EPI_ISL_434907	2020-03-27	North America / USA / Texas	Human		unknown	unknown	unknown	Original			A.3	S
hCoV-19/USA/TX-HMH0290/2020	EPI_ISL_434916	2020-03-27	North America / USA / Texas	Human		unknown	unknown	unknown	Original			A.3	S
hCoV-19/USA/TX-HMH0300/2020	EPI_ISL_434923	2020-03-28	North America / USA / Texas	Human		unknown	unknown	unknown	Original			A.3	S
hCoV-19/USA/TX-HMH0301/2020	EPI_ISL_434924	2020-03-28	North America / USA / Texas	Human		unknown	unknown	unknown	Original			A.3	S
hCoV-19/USA/TX-HMH0303/2020	EPI_ISL_434925	2020-03-28	North America / USA / Texas	Human		unknown	unknown	unknown	Original			A.3	S
hCoV-19/USA/TX-HMH0318/2020	EPI_ISL_434932	2020-03-28	North America / USA / Texas	Human		unknown	unknown	unknown	Original			A.3	S
hCoV-19/USA/TX-HMH0322/2020	EPI_ISL_434934	2020-03-28	North America / USA / Texas	Human		unknown	unknown	unknown	Original			A.3	S
hCoV-19/USA/TX-HMH0360/2020	EPI_ISL_434953	2020-03-29	North America / USA / Texas	Human		unknown	unknown	unknown	Original			A.3	S
hCoV-19/USA/TX-HMH0370/2020	EPI_ISL_434961	2020-03-27	North America / USA / Texas	Human		unknown	unknown	unknown	Original			A.3	S
hCoV-19/USA/TX-HMH0375/2020	EPI_ISL_434964	2020-03-31	North America / USA / Texas	Human		unknown	unknown	unknown	Original			A.3	S
hCoV-19/USA/TX-HMH0379/2020	EPI_ISL_434967	2020-03-30	North America / USA / Texas	Human		unknown	unknown	unknown	Original			A.3	S
hCoV-19/USA/TX-HMH0381/2020	EPI_ISL_434969	2020-03-30	North America / USA / Texas	Human		unknown	unknown	unknown	Original			A.3	S
hCoV-19/USA/TX-HMH0383/2020	EPI_ISL_434971	2020-03-31	North America / USA / Texas	Human		unknown	unknown	unknown	Original			A.3	S
hCoV-19/USA/TX-HMH0387/2020	EPI_ISL_434974	2020-03-29	North America / USA / Texas	Human		unknown	unknown	unknown	Original			A.3	S
hCoV-19/USA/TX-HMH0391/2020	EPI_ISL_434978	2020-03-27	North America / USA / Texas	Human		unknown	unknown	unknown	Original			A.3	S
hCoV-19/USA/TX-HMH0394/2020	EPI_ISL_434981	2020-03-31	North America / USA / Texas	Human		unknown	unknown	unknown	Original			A.3	S
hCoV-19/USA/TX-HMH0395/2020	EPI_ISL_434982	2020-04-01	North America / USA / Texas	Human		unknown	unknown	unknown	Original			A.3	S
hCoV-19/USA/TX-HMH0396/2020	EPI_ISL_434983	2020-03-31	North America / USA / Texas	Human		unknown	unknown	unknown	Original			A.3	S
hCoV-19/USA/TX-HMH0399/2020	EPI_ISL_434986	2020-03-31	North America / USA / Texas	Human		unknown	unknown	unknown	Original			A.3	S
hCoV-19/USA/TX-HMH0400/2020	EPI_ISL_434987	2020-04-01	North America / USA / Texas	Human		unknown	unknown	unknown	Original			A.3	S
hCoV-19/USA/TX-HMH0423/2020	EPI_ISL_435006	2020-04-01	North America / USA / Texas	Human		unknown	unknown	unknown	Original			A.3	S
hCoV-19/USA/TX-HMH0427/2020	EPI_ISL_435010	2020-04-02	North America / USA / Texas	Human		unknown	unknown	unknown	Original			A.3	S
hCoV-19/USA/TX-HMH0428/2020	EPI_ISL_435011	2020-04-02	North America / USA / Texas	Human		unknown	unknown	unknown	Original			A.3	S
hCoV-19/USA/TX-HMH0430/2020	EPI_ISL_435013	2020-04-02	North America / USA / Texas	Human		unknown	unknown	unknown	Original			A.3	S
hCoV-19/USA/TX-HMH0431/2020	EPI_ISL_435014	2020-04-02	North America / USA / Texas	Human		unknown	unknown	unknown	Original			A.3	S
hCoV-19/USA/TX-HMH0432/2020	EPI_ISL_435015	2020-04-02	North America / USA / Texas	Human		unknown	unknown	unknown	Original			A.3	S
hCoV-19/USA/TX-HMH0435/2020	EPI_ISL_435018	2020-04-02	North America / USA / Texas	Human		unknown	unknown	unknown	Original			A.3	S
hCoV-19/USA/TX-HMH0446/2020	EPI_ISL_435026	2020-04-03	North America / USA / Texas	Human		unknown	unknown	unknown	Original			A.3	S
hCoV-19/USA/TX-HMH0450/2020	EPI_ISL_435029	2020-04-03	North America / USA / Texas	Human		unknown	unknown	unknown	Original			A.3	S
hCoV-19/India/DL-NCDC-3279/2020	EPI_ISL_436434	2020-04-05	Asia / India / Delhi	Human		Female	28	unknown	Original			A.3	O
hCoV-19/Australia/VIC1230/2020	EPI_ISL_436688	2020-04-02	Oceania / Australia / Victoria	Human		Female	20	unknown	Original			A.3	S
hCoV-19/USA/MI-MDHHS-SC20139/2020	EPI_ISL_436820	2020-03-17	North America / USA / Michigan	Human		unknown	unknown	unknown	Original			A.3	S
hCoV-19/USA/MI-MDHHS-SC20112/2020	EPI_ISL_436828	2020-03-20	North America / USA / Michigan	Human		unknown	unknown	unknown	Original			A.3	S
hCoV-19/USA/MI-MDHHS-SC20132/2020	EPI_ISL_436833	2020-03-22	North America / USA / Michigan	Human		unknown	unknown	unknown	Original			A.3	S
hCoV-19/USA/MI-MDHHS-SC20181/2020	EPI_ISL_436865	2020-03-25	North America / USA / Michigan	Human		unknown	unknown	unknown	Original			A.3	S
hCoV-19/USA/MI-MDHHS-SC20035/2020	EPI_ISL_437122	2020-03-18	North America / USA / Michigan	Human		unknown	unknown	unknown	Original			A.3	S
hCoV-19/USA/MI-MDHHS-SC20042/2020	EPI_ISL_437129	2020-03-19	North America / USA / Michigan	Human		unknown	unknown	unknown	Original			A.3	S
hCoV-19/USA/MI-MDHHS-SC20050/2020	EPI_ISL_437137	2020-03-19	North America / USA / Michigan	Human		unknown	unknown	unknown	Original			A.3	S
hCoV-19/USA/MI-MDHHS-SC20052/2020	EPI_ISL_437139	2020-03-20	North America / USA / Michigan	Human		unknown	unknown	unknown	Original			A.3	S
hCoV-19/USA/MI-MDHHS-SC20058/2020	EPI_ISL_437145	2020-03-21	North America / USA / Michigan	Human		unknown	unknown	unknown	Original			A.3	S
hCoV-19/USA/MN-MDH-470/2020	EPI_ISL_437374	2020-04-10	North America / USA / Minnesota	Human		unknown	unknown	unknown	Original			A.3	S
hCoV-19/USA/IN-Lilly-IPB0170-14bc04/2020	EPI_ISL_437455	2020-03-24	North America / USA / Indiana / Indianapolis	Human		Female	38	unknown	Original	Nasopharyngeal swab		A.3	S
hCoV-19/USA/MD-HP00076/2020	EPI_ISL_438234	2020-03-11	North America / USA / Maryland	Human		Male	30	unknown	Original	Nasopharyngeal swab		A.3	S
hCoV-19/USA/MD-HP00087/2020	EPI_ISL_438241	2020-03-30	North America / USA / Maryland	Human		Male	51	unknown	Original	Nasopharyngeal swab		A.3	S
hCoV-19/USA/MD-HP00104/2020	EPI_ISL_438246	2020-03-18	North America / USA / Maryland	Human		Male	67	unknown	Original	Nasopharyngeal swab		A.3	S
hCoV-19/Scotland/CVR1499/2020	EPI_ISL_438829	2020-04-03	Europe / United Kingdom / Scotland	Human		unknown	unknown	unknown	Original			A.3	S
hCoV-19/Scotland/CVR1573/2020	EPI_ISL_438841	2020-04-04	Europe / United Kingdom / Scotland	Human		unknown	unknown	unknown	Original			A.3	S
hCoV-19/Scotland/CVR246/2020	EPI_ISL_438911	2020-03-19	Europe / United Kingdom / Scotland	Human		unknown	unknown	unknown	Original			A.3	S
hCoV-19/Scotland/CVR876/2020	EPI_ISL_439126	2020-03-27	Europe / United Kingdom / Scotland	Human		unknown	unknown	unknown	Original			A.3	S
hCoV-19/USA/IL-NM020/2020	EPI_ISL_444530	2020-03-16	North America / USA / Illinois / Chicago	Human		Female	61	unknown	Original	Nasopharyngeal swab		A.3	S
hCoV-19/USA/IL-NM030/2020	EPI_ISL_444539	2020-03-16	North America / USA / Illinois / Chicago	Human		Male	73	unknown	Original	Bronchoalveolar lavage		A.3	S
hCoV-19/USA/IL-NM043/2020	EPI_ISL_444543	2020-03-14	North America / USA / Illinois / Chicago	Human		Male	65	unknown	Original	Nasopharyngeal swab		A.3	S
hCoV-19/USA/IL-NM053/2020	EPI_ISL_444549	2020-03-15	North America / USA / Illinois / Chicago	Human		Female	61	unknown	Original	Nasopharyngeal swab		A.3	S
hCoV-19/USA/IL-NM059/2020	EPI_ISL_444555	2020-03-18	North America / USA / Illinois / Chicago	Human		Female	63	unknown	Original	Nasopharyngeal swab		A.3	S
hCoV-19/USA/IL-NM064/2020	EPI_ISL_444559	2020-03-18	North America / USA / Illinois / Chicago	Human		Female	63	unknown	Original	Nasopharyngeal swab		A.3	S
hCoV-19/USA/IL-NM066/2020	EPI_ISL_444561	2020-03-18	North America / USA / Illinois / Chicago	Human		Male	61	unknown	Original	Nasopharyngeal swab		A.3	S
hCoV-19/USA/IL-NM067/2020	EPI_ISL_444562	2020-03-18	North America / USA / Illinois / Chicago	Human		Female	43	unknown	Original	Nasopharyngeal swab		A.3	S
hCoV-19/USA/IL-NM068/2020	EPI_ISL_444563	2020-03-18	North America / USA / Illinois / Chicago	Human		Female	32	unknown	Original	Nasopharyngeal swab		A.3	S
hCoV-19/USA/IL-NM069/2020	EPI_ISL_444564	2020-03-18	North America / USA / Illinois / Chicago	Human		Male	32	unknown	Original	Nasopharyngeal swab		A.3	S
hCoV-19/USA/IL-NM070/2020	EPI_ISL_444565	2020-03-18	North America / USA / Illinois / Chicago	Human		Female	28	unknown	Original	Nasopharyngeal swab		A.3	S
hCoV-19/USA/IL-NM071/2020	EPI_ISL_444566	2020-03-18	North America / USA / Illinois / Chicago	Human		Male	60	unknown	Original	Nasopharyngeal swab		A.3	S
hCoV-19/USA/IL-NM072/2020	EPI_ISL_444567	2020-03-18	North America / USA / Illinois / Chicago	Human		Female	61	unknown	Original	Nasopharyngeal swab		A.3	S
hCoV-19/USA/IL-NM074/2020	EPI_ISL_444569	2020-03-16	North America / USA / Illinois / Chicago	Human		Male	37	unknown	Original	Nasopharyngeal swab		A.3	S
hCoV-19/USA/IL-NM081/2020	EPI_ISL_444572	2020-03-19	North America / USA / Illinois / Chicago	Human		Male	26	unknown	Original	Nasopharyngeal swab		A.3	S
hCoV-19/USA/IL-NM082/2020	EPI_ISL_444573	2020-03-19	North America / USA / Illinois / Chicago	Human		Male	68	unknown	Original	Nasopharyngeal swab		A.3	S
hCoV-19/USA/IL-NM087/2020	EPI_ISL_444577	2020-03-19	North America / USA / Illinois / Chicago	Human		Male	68	unknown	Original	Nasopharyngeal swab		A.3	S
hCoV-19/USA/IL-NM097/2020	EPI_ISL_444585	2020-03-15	North America / USA / Illinois / Chicago	Human		Male	68	unknown	Original	Bronchoalveolar lavage		A.3	O
hCoV-19/USA/IL-NM0103/2020	EPI_ISL_444588	2020-03-21	North America / USA / Illinois / Chicago	Human		unknown	unknown	unknown	Original	Nasopharyngeal swab		A.3	O
hCoV-19/USA/IL-NM0109/2020	EPI_ISL_444594	2020-03-20	North America / USA / Illinois / Chicago	Human		Male	51	unknown	Original	Nasopharyngeal swab		A.3	S
hCoV-19/USA/IL-NM0112/2020	EPI_ISL_444596	2020-03-20	North America / USA / Illinois / Chicago	Human		Male	55	unknown	Original	Nasopharyngeal swab		A.3	S
hCoV-19/USA/IL-NM0113/2020	EPI_ISL_444597	2020-03-19	North America / USA / Illinois / Chicago	Human		Male	89	unknown	Original	Nasopharyngeal swab		A.3	S
hCoV-19/USA/IL-NM0119/2020	EPI_ISL_444602	2020-03-21	North America / USA / Illinois / Chicago	Human		Female	67	unknown	Original	Nasopharyngeal swab		A.3	S
hCoV-19/USA/IL-NM0120/2020	EPI_ISL_444603	2020-03-21	North America / USA / Illinois / Chicago	Human		Male	80	unknown	Original	Nasopharyngeal swab		A.3	S
hCoV-19/USA/IL-NM0121/2020	EPI_ISL_444604	2020-03-21	North America / USA / Illinois / Chicago	Human		Female	63	unknown	Original	Nasopharyngeal swab		A.3	S
hCoV-19/USA/NY-NYUMC565/2020	EPI_ISL_444682	2020-03-30	North America / USA / New York / Brooklyn	Human		Female	42	unknown	Original			A.3	S
hCoV-19/USA/FL-BPHL-0081/2020	EPI_ISL_445024	2020-04-30	North America / USA / Florida	Human		unknown	unknown	unknown	Original			A.3	S
hCoV-19/USA/TX_GCID_192000135/2020	EPI_ISL_445084	2020-03-25	North America / USA / Texas / Houston	Human		Male	18-49	Severe/ICU	Original	Nasal Swab		A.3	S
hCoV-19/USA/MI-MDHHS-SC20202/2020	EPI_ISL_447173	2020-03-19	North America / USA / Michigan	Human		unknown	unknown	unknown	Original			A.3	S
hCoV-19/USA/MI-MDHHS-SC20222/2020	EPI_ISL_447192	2020-03-18	North America / USA / Michigan	Human		unknown	unknown	unknown	Original			A.3	S
hCoV-19/USA/MI-MDHHS-SC20231/2020	EPI_ISL_447201	2020-03-22	North America / USA / Michigan	Human		unknown	unknown	unknown	Original			A.3	S
hCoV-19/USA/MI-MDHHS-SC20242/2020	EPI_ISL_447212	2020-03-23	North America / USA / Michigan	Human		unknown	unknown	unknown	Original			A.3	S
hCoV-19/Scotland/CVR1501/2020	EPI_ISL_448117	2020-04-03	Europe / United Kingdom / Scotland	Human		unknown	unknown	unknown	Original			A.3	S
hCoV-19/USA/NY-PV09438/2020	EPI_ISL_450115	2020-03-10	North America / USA / New York	Human		Female	48	unknown	Original	Nasopharyngeal swab		A.3	S
hCoV-19/USA/NY-PV09466/2020	EPI_ISL_450139	2020-03-19	North America / USA / New York / Bronx	Human		Male	65	unknown	Original	Nasopharyngeal swab		A.3	S
hCoV-19/Australia/VIC182/2020	EPI_ISL_450212	2020-03-19	Oceania / Australia / Victoria	Human		unknown	unknown	unknown	unknown			A.3	S
hCoV-19/Australia/VIC349/2020	EPI_ISL_450213	2020-03-20	Oceania / Australia / Victoria	Human		unknown	unknown	unknown	unknown			A.3	S
hCoV-19/USA/MI-MDHHS-SC20373/2020	EPI_ISL_450583	2020-03-17	North America / USA / Michigan	Human		unknown	unknown	unknown	Original			A.3	S
hCoV-19/USA/IL-UW-349/2020	EPI_ISL_450703	2020-04-15	North America / USA / Illinois / Winnebago county	Human		unknown	unknown	unknown	Original	Nasal Swab		A.3	S
hCoV-19/USA/PA-CDC-8398/2020	EPI_ISL_450802	2020-03-31	North America / USA / Pennsylvania	Human		Female	85	unknown	Original	Nasopharyngeal swab		A.3	O
hCoV-19/USA/FL-BPHL-0115/2020	EPI_ISL_450849	2020-04-09	North America / USA / Florida	Human		unknown	unknown	unknown	Original			A.3	S
hCoV-19/Australia/SAP154/2020	EPI_ISL_451148	2020-03-23	Oceania / Australia / South Australia	Human		unknown	unknown	unknown	Original			A.3	S
hCoV-19/USA/NY-NYUMC728/2020	EPI_ISL_451443	2020-03-26	North America / USA / New York / Nassau County	Human		Female	61	unknown	Original			A.3	S
hCoV-19/USA/NY-NYUMC754/2020	EPI_ISL_451468	2020-03-20	North America / USA / New York / Nassau County	Human		Male	62	unknown	Original			A.3	S
hCoV-19/Australia/NSW374/2020	EPI_ISL_451634	2020-03-21	Oceania / Australia / New South Wales / Sydney	Human		unknown	over 18	unknown	Original			A.3	O
hCoV-19/USA/FL-CDC-2718/2020	EPI_ISL_452111	2020-03-09	North America / USA / Florida	Human		unknown	46	unknown	Original	Nasopharyngeal swab		A.3	O
hCoV-19/USA/MN-CDC-0108/2020	EPI_ISL_452113	2020-03-10	North America / USA / Minnesota	Human		unknown	unknown	unknown	Original	Nasopharyngeal swab		A.3	O
hCoV-19/USA/TX-CDC-8001/2020	EPI_ISL_452115	2020-03-11	North America / USA / Texas	Human		unknown	66	unknown	Original	Nasopharyngeal swab		A.3	S
hCoV-19/USA/GA-CDC-2059/2020	EPI_ISL_452125	2020-03-07	North America / USA / Georgia	Human		unknown	unknown	unknown	Original	Nasopharyngeal swab		A.3	O
hCoV-19/USA/IN-CDC-2013/2020	EPI_ISL_452131	2020-03-09	North America / USA / Indiana	Human		unknown	60	unknown	Original	Nasopharyngeal swab		A.3	O
hCoV-19/USA/MI-MDHHS-SC20394/2020	EPI_ISL_452268	2020-03-24	North America / USA / Michigan	Human		unknown	unknown	unknown	Original			A.3	S
hCoV-19/USA/MI-MDHHS-SC20451/2020	EPI_ISL_452325	2020-03-19	North America / USA / Michigan	Human		unknown	unknown	unknown	Original			A.3	S
hCoV-19/USA/PA-MGEL107/2020	EPI_ISL_454384	2020-03-31	North America / USA / Pennsylvania / Pittsburgh	Human	Allegheny county	unknown	unknown	unknown	Original	NP swab		A.3	S
hCoV-19/USA/PA-MGEL110/2020	EPI_ISL_454387	2020-04-04	North America / USA / Pennsylvania / Pittsburgh	Human	Allegheny county	unknown	unknown	unknown	Original	NP swab		A.3	S
hCoV-19/USA/MDH-8144/2020	EPI_ISL_454431	2020-03-13	North America / USA / Maryland	Human		unknown	unknown	unknown	Original			A.3	S
hCoV-19/USA/CA-CZB-1280/2020	EPI_ISL_454638	2020-03-31	North America / USA / California / Humboldt County	Human		unknown	unknown	unknown	Original	Nasopharyngeal/oropharyngeal swab		A.3	S
hCoV-19/USA/CA-CZB-1281/2020	EPI_ISL_454639	2020-04-01	North America / USA / California / Humboldt County	Human		unknown	unknown	unknown	Original	Nasopharyngeal/oropharyngeal swab		A.3	S
hCoV-19/USA/NC_200242/2020	EPI_ISL_454800	2020-03	North America / USA / North Carolina	Human		unknown	unknown	unknown	Original	Nasal swab		A.3	S
hCoV-19/USA/NC_200243/2020	EPI_ISL_454801	2020-03	North America / USA / North Carolina	Human		unknown	unknown	unknown	Original	Nasal swab		A.3	S
hCoV-19/USA/NC_200255/2020	EPI_ISL_454806	2020-03	North America / USA / North Carolina	Human		unknown	unknown	unknown	Original	Nasal swab		A.3	S
hCoV-19/USA/NC_200259/2020	EPI_ISL_454808	2020-03	North America / USA / North Carolina	Human		unknown	unknown	unknown	Original	Nasal swab		A.3	S
hCoV-19/USA/NC_200312/2020	EPI_ISL_454817	2020-03	North America / USA / North Carolina	Human		unknown	unknown	unknown	Original	Nasal swab		A.3	S
hCoV-19/USA/NC_200330/2020	EPI_ISL_454824	2020-03	North America / USA / North Carolina	Human		unknown	unknown	unknown	Original	Nasal swab		A.3	S
hCoV-19/USA/NC_200253/2020	EPI_ISL_454826	2020-03	North America / USA / North Carolina	Human		unknown	unknown	unknown	Original	Nasal swab		A.3	S
hCoV-19/USA/GA-EHC-009I/2020	EPI_ISL_455355	2020-03-13	North America / USA / Georgia	Human		unknown	unknown	unknown	Original	Nasopharyngeal swab		A.3	S
hCoV-19/USA/GA-EHC-086H/2020	EPI_ISL_455356	2020-03-10	North America / USA / Georgia	Human		unknown	unknown	unknown	Original	Nasopharyngeal swab		A.3	S
hCoV-19/USA/GA-EHC-087I/2020	EPI_ISL_455360	2020-03-10	North America / USA / Georgia	Human		unknown	unknown	unknown	Original	Sputum		A.3	S
hCoV-19/USA/LA-EVTL155/2020	EPI_ISL_455998	2020-04-01	North America / USA / Louisiana	Human	Caddo Parish	Female	45	unknown	Original	Nasopharyngeal swab		A.3	S
hCoV-19/New Zealand/20VR0987/2020	EPI_ISL_456172	2020-03-17	Oceania / New Zealand / Auckland	Human		unknown	unknown	unknown	Original	Oro-pharyngeal swab		A.3	S
hCoV-19/New Zealand/20VR0989/2020	EPI_ISL_456174	2020-03-17	Oceania / New Zealand / Auckland	Human		unknown	unknown	unknown	Original	Oro-pharyngeal swab		A.3	S
hCoV-19/New Zealand/20VR1275/2020	EPI_ISL_456200	2020-03-20	Oceania / New Zealand / Auckland	Human		unknown	unknown	unknown	Original	Oro-pharyngeal swab		A.3	S
hCoV-19/USA/MD-HP00086/2020	EPI_ISL_457756	2020-03-20	North America / USA / Maryland	Human	North America / USA / Maryland	Male	71	unknown	Original	Nasopharyngeal swab		A.3	S
hCoV-19/USA/MD-HP00098/2020	EPI_ISL_457762	2020-03-26	North America / USA / Maryland	Human	North America / USA / Maryland	Female	53	unknown	Original	Nasopharyngeal swab		A.3	S
hCoV-19/USA/MD-HP00112/2020	EPI_ISL_457767	2020-03-29	North America / USA / Maryland	Human	North America / USA / Maryland	Male	39	unknown	Original	Nasopharyngeal swab		A.3	S
hCoV-19/USA/MD-HP00113/2020	EPI_ISL_457768	2020-03-14	North America / USA / Maryland	Human	North America / USA / Maryland	Male	62	unknown	Original	Nasopharyngeal swab		A.3	S
hCoV-19/USA/MD-HP00153/2020	EPI_ISL_457782	2020-03-24	North America / USA / Maryland	Human	North America / USA / Maryland	Male	59	unknown	Original	Nasopharyngeal swab		A.3	S
hCoV-19/USA/MD-HP00154/2020	EPI_ISL_457783	2020-03-29	North America / USA / Maryland	Human	North America / USA / Maryland	Female	31	unknown	Original	Nasopharyngeal swab		A.3	S
hCoV-19/USA/MD-HP00031/2020	EPI_ISL_457789	2020-03-16	North America / USA / Maryland	Human	North America / USA / Maryland	Male	63	unknown	Original	Nasopharyngeal swab		A.3	S
hCoV-19/USA/MD-HP00065/2020	EPI_ISL_457807	2020-03-15	North America / USA / Maryland	Human	North America / USA / Maryland	Female	61	unknown	Original	Nasopharyngeal swab		A.3	S
hCoV-19/USA/MD-HP00120/2020	EPI_ISL_457813	2020-03-19	North America / USA / Maryland	Human	North America / USA / Maryland	Female	50	unknown	Original	Nasopharyngeal swab		A.3	S
hCoV-19/USA/MI-MDHHS-SC20469/2020	EPI_ISL_460008	2020-03-26	North America / USA / Michigan	Human		unknown	unknown	unknown	Original			A.3	S
hCoV-19/USA/MN-MDH-139/2020	EPI_ISL_460052	2020-03-21	North America / USA / Minnesota	Human		unknown	unknown	unknown	Original			A.3	S
hCoV-19/USA/MN-MDH-91/2020	EPI_ISL_460072	2020-03-15	North America / USA / Minnesota	Human		unknown	unknown	unknown	Original			A.3	S
hCoV-19/USA/MA-MGH-00143/2020	EPI_ISL_460114	2020-03-26	North America / USA / Massachusetts	Human		unknown	unknown	unknown	Original	oronasopharynx		A.3	S
hCoV-19/USA/MA-MGH-00145/2020	EPI_ISL_460170	2020-03-26	North America / USA / Massachusetts	Human		unknown	unknown	unknown	Original	oronasopharynx		A.3	S
hCoV-19/USA/MA-MGH-00174/2020	EPI_ISL_460179	2020-03-26	North America / USA / Massachusetts	Human		unknown	unknown	unknown	Original	oronasopharynx		A.3	S
hCoV-19/USA/MA-MGH-00563/2020	EPI_ISL_460186	2020-03-22	North America / USA / Massachusetts	Human		unknown	unknown	unknown	Original	oronasopharynx		A.3	S
hCoV-19/USA/MA-MGH-00614/2020	EPI_ISL_460205	2020-03-28	North America / USA / Massachusetts	Human		unknown	unknown	unknown	Original	oronasopharynx		A.3	S
hCoV-19/USA/MA-MGH-00555/2020	EPI_ISL_460232	2020-03-22	North America / USA / Massachusetts	Human		unknown	unknown	unknown	Original	oronasopharynx		A.3	S
hCoV-19/USA/MA-MGH-00566/2020	EPI_ISL_460285	2020-03-22	North America / USA / Massachusetts	Human		unknown	unknown	unknown	Original	oronasopharynx		A.3	S
hCoV-19/USA/MA-MGH-00004/2020	EPI_ISL_460467	2020-03-11	North America / USA / Massachusetts	Human		unknown	unknown	unknown	Original	oronasopharynx		A.3	S
hCoV-19/Singapore/232/2020	EPI_ISL_462350	2020-03-31	Asia / Singapore	Human		Female	31	unknown	Original			A.3	S
hCoV-19/USA/WY-WYPHL-00029/2020	EPI_ISL_462922	2020-03-21	North America / USA / Wyoming	Human		unknown	unknown	unknown	Original			A.3	S
hCoV-19/USA/SC-DHEC-0002/2020	EPI_ISL_462991	2020-05-11	North America / USA	Human		unknown	unknown	unknown	Original	Nasopharyngeal swab		A.3	O
hCoV-19/United Arab Emirates/P1/2020	EPI_ISL_463740	2020-03-30	Asia / United Arab Emirates	Human		unknown	unknown	unknown	Original	Other		A.3	S
hCoV-19/Canada/ON_MU-S7/2020	EPI_ISL_463993	2020-03-13	North America / Canada / Toronto	Human	Canada / Ontario / Toronto	unknown	unknown	unknown	Original			A.3	S
hCoV-19/Taiwan/CGMH-CGU-29/2020	EPI_ISL_464093	2020-04-02	Asia / Taiwan / Taoyuan	Human		Male	unknown	unknown	Vero E6	Throat swab		A.3	S
hCoV-19/USA/VI-CDC-3638/2020	EPI_ISL_464167	2020-03-19	North America / USA / Virgin Islands	Human		Male	unknown	unknown	Original	Nasopharyngeal swab		A.3	S
hCoV-19/Canada/Qc-L00240796/2020	EPI_ISL_465686	2020-03-27	North America / Canada / Quebec	Human		Male	29	unknown	Original			A.3	S
hCoV-19/Canada/BC_02091552/2020	EPI_ISL_466716	2020-04	North America / Canada / British Columbia	Human	unknown	unknown	unknown	unknown	Original	unknown	unknown	A.3	S
hCoV-19/USA/NY-NYUMC894/2020	EPI_ISL_467387	2020-04-30	North America / USA / New York / Brooklyn	Human		Female	54	unknown	Original			A.3	S
hCoV-19/USA/CA-QDX-148/2020	EPI_ISL_467814	2020-03-16	North America / USA / California	Human		Female	43	unknown	Original			A.3	S
hCoV-19/USA/GA-QDX-115/2020	EPI_ISL_467845	2020-03-13	North America / USA / Georgia	Human		Female	57	unknown	Original			A.3	S
hCoV-19/USA/GA-QDX-116/2020	EPI_ISL_467846	2020-03-13	North America / USA / Georgia	Human		Female	56	unknown	Original			A.3	S
hCoV-19/USA/GA-QDX-122/2020	EPI_ISL_467847	2020-03-13	North America / USA / Georgia	Human		Female	52	unknown	Original			A.3	S
hCoV-19/USA/GA-QDX-152/2020	EPI_ISL_467848	2020-03-13	North America / USA / Georgia	Human		Female	43	unknown	Original			A.3	S
hCoV-19/USA/GA-QDX-53/2020	EPI_ISL_467849	2020-03-13	North America / USA / Georgia	Human		Female	62	unknown	Original			A.3	S
hCoV-19/USA/MA-QDX-150/2020	EPI_ISL_467855	2020-03-14	North America / USA / Massachusetts	Human		Male	30	unknown	Original			A.3	S
hCoV-19/USA/MA-QDX-61/2020	EPI_ISL_467862	2020-03-14	North America / USA / Massachusetts	Human		Male	58	unknown	Original			A.3	S
hCoV-19/USA/MI-QDX-58/2020	EPI_ISL_467871	2020-03-15	North America / USA / Michigan	Human		Male	50	unknown	Original			A.3	S
hCoV-19/USA/NY-QDX-19/2020	EPI_ISL_467897	2020-03-16	North America / USA / New York	Human		Female	43	unknown	Original			A.3	S
hCoV-19/USA/UT-QDX-119/2020	EPI_ISL_467910	2020-03-13	North America / USA / Utah	Human		Female	40	unknown	Original			A.3	S
hCoV-19/USA/UT-QDX-49/2020	EPI_ISL_467919	2020-03-13	North America / USA / Utah	Human		Female	41	unknown	Original			A.3	S
hCoV-19/USA/UT-QDX-57/2020	EPI_ISL_467920	2020-03-12	North America / USA / Utah	Human		Male	72	unknown	Original			A.3	S
hCoV-19/USA/UT-QDX-63/2020	EPI_ISL_467921	2020-03-13	North America / USA / Utah	Human		Female	33	unknown	Original			A.3	S
hCoV-19/Australia/SAP170/2020	EPI_ISL_467985	2020-03-13	Oceania / Australia / South Australia	Human		unknown	unknown	unknown	Original			A.3	S
hCoV-19/Australia/SAP216/2020	EPI_ISL_468000	2020-03-15	Oceania / Australia / South Australia	Human		unknown	unknown	unknown	Original			A.3	S
hCoV-19/USA/CA-CZB-1508/2020	EPI_ISL_468455	2020-04-01	North America / USA / California / Humboldt County	Human		unknown	unknown	unknown	Original	Nasopharyngeal/oropharyngeal swab		A.3	S
hCoV-19/USA/CA-CZB-1513/2020	EPI_ISL_468460	2020-04-13	North America / USA / California / Humboldt County	Human		unknown	unknown	unknown	Original	Nasopharyngeal/oropharyngeal swab		A.3	S
hCoV-19/USA/CA-QDX-111/2020	EPI_ISL_468563	2020-03-13	North America / USA / California	Human		Female	51	unknown	Original			A.3	S
hCoV-19/USA/WI-WSLH-200048/2020	EPI_ISL_471213	2020-03-22	North America / USA / Wisconsin	Human		unknown	unknown	unknown	Original			A.3	S
hCoV-19/USA/WI-WSLH-200061/2020	EPI_ISL_471226	2020-04-13	North America / USA / Wisconsin	Human		unknown	unknown	unknown	Original			A.3	S
hCoV-19/USA/WI-WSLH-200094/2020	EPI_ISL_471258	2020-03-26	North America / USA / Wisconsin	Human		unknown	unknown	unknown	Original			A.3	S
hCoV-19/USA/MI-MDHHS-SC20837/2020	EPI_ISL_471858	2020-04-17	North America / USA / Michigan	Human		unknown	unknown	unknown	Original			A.3	S
hCoV-19/USA/NE-11163/2020	EPI_ISL_475201	2020-05-04	North America / USA / Nebraska	Human		unknown	unknown	unknown	Original			A.3	S
hCoV-19/USA/CA-CSMC134/2020	EPI_ISL_475612	2020-03-30	North America / USA / California / Los Angeles	Human		Male	49	Released	Original			A.3	S
hCoV-19/USA/CA-CSMC71/2020	EPI_ISL_475686	2020-04-03	North America / USA / California / Los Angeles	Human		Male	64	Released	Original			A.3	S
hCoV-19/Singapore/421/2020	EPI_ISL_475952	2020-04-09	Asia / Singapore	Human		Male	24	unknown	Original			A.3	S
hCoV-19/USA/MN-UW-628/2020	EPI_ISL_476909	2020-03-11	North America / USA / Minnesota	Human		unknown	unknown	unknown	Original			A.3	O
hCoV-19/Scotland/CVR2129/2020	EPI_ISL_477857	2020-04-10	Europe / United Kingdom / Scotland	Human		unknown	unknown	unknown	Original	unknown		A.3	S
hCoV-19/England/NORT-2841E1/2020	EPI_ISL_478535	2020-03-14	Europe / United Kingdom / England	Human		unknown	unknown	unknown	Original	unknown		A.3	S
hCoV-19/USA/FL-Miami-04_UMTL-9BWN/2020	EPI_ISL_479763	2020-04-18	North America / USA / Florida / Miami	Human	University of Miami, DRI	Female	56	unknown	Original	Nasopharyngeal	University of Miami, DRI	A.3	S
hCoV-19/USA/WI-UW-405/2020	EPI_ISL_480387	2020-03-18	North America / USA / Wisconsin / Milwaukee county	Human		unknown	unknown	unknown	Original	Nasal Swab		A.3	S
hCoV-19/USA/FL-BPHL-0141/2020	EPI_ISL_480792	2020-03-10	North America / USA / Florida	Human		unknown	unknown	unknown	Original			A.3	S
hCoV-19/USA/FL-BPHL-0142/2020	EPI_ISL_480793	2020-03-10	North America / USA / Florida	Human		unknown	unknown	unknown	Original			A.3	S
hCoV-19/USA/FL-BPHL-0193/2020	EPI_ISL_480844	2020-04-05	North America / USA / Florida	Human		unknown	unknown	unknown	Original			A.3	S
hCoV-19/USA/FL-BPHL-0212/2020	EPI_ISL_480863	2020-04-18	North America / USA / Florida	Human		unknown	unknown	unknown	Original			A.3	S
hCoV-19/USA/FL-BPHL-0215/2020	EPI_ISL_480866	2020-04-21	North America / USA / Florida	Human		unknown	unknown	unknown	Original			A.3	S
hCoV-19/USA/FL-BPHL-0227/2020	EPI_ISL_480878	2020-04-22	North America / USA / Florida	Human		unknown	unknown	unknown	Original			A.3	S
hCoV-19/USA/FL-BPHL-0239/2020	EPI_ISL_480890	2020-05-02	North America / USA / Florida	Human		unknown	unknown	unknown	Original			A.3	S
hCoV-19/USA/FL-BPHL-0240/2020	EPI_ISL_480891	2020-05-02	North America / USA / Florida	Human		unknown	unknown	unknown	Original			A.3	S
hCoV-19/USA/FL-BPHL-0268/2020	EPI_ISL_480919	2020-05-06	North America / USA / Florida	Human		unknown	unknown	unknown	Original			A.3	S
hCoV-19/USA/MD-MDH-0026/2020	EPI_ISL_481272	2020-04-03	North America / USA / Maryland	Human		unknown	unknown	unknown	Original	Nasopharyngeal swab		A.3	S
hCoV-19/USA/MD-MDH-0031/2020	EPI_ISL_481276	2020-04-07	North America / USA / Maryland	Human		unknown	unknown	unknown	Original	Nasopharyngeal swab		A.3	S
hCoV-19/Canada/NB_271/2020	EPI_ISL_481756	2020-04-10	North America / Canada / New Brunswick	Human		unknown	unknown	unknown	Original	Nasopharyngeal Swab		A.3	S
hCoV-19/USA/MN-MDH-1292/2020	EPI_ISL_483012	2020-03-24	North America / USA / Minnesota	Human		Unknown	Unknown	Unknown	Original			A.3	S
hCoV-19/Scotland/CVR2147/2020	EPI_ISL_484563	2020-04-10	Europe / United Kingdom / Scotland	Human		unknown	unknown	unknown	Original	unknown		A.3	S
hCoV-19/USA/MI-UM-2006S000851/2020	EPI_ISL_484710	2020-03-31	North America / USA / Michigan	Human		unknown	unknown	unknown	Original	Nasopharyngeal swab		A.3	S
hCoV-19/USA/MI-UM-2006S000881/2020	EPI_ISL_484731	2020-03-28	North America / USA / Michigan	Human		unknown	unknown	unknown	Original	Nasopharyngeal swab		A.3	S
hCoV-19/USA/MI-UM-2006S000888/2020	EPI_ISL_484735	2020-03-26	North America / USA / Michigan	Human		unknown	unknown	unknown	Original	Nasopharyngeal swab		A.3	S
hCoV-19/USA/MI-UM-2006S000912/2020	EPI_ISL_484751	2020-03-30	North America / USA / Michigan	Human		unknown	unknown	unknown	Original	Nasopharyngeal swab		A.3	S
hCoV-19/USA/MI-UM-2006S000913/2020	EPI_ISL_484752	2020-03-29	North America / USA / Michigan	Human		unknown	unknown	unknown	Original	Nasopharyngeal swab		A.3	S
hCoV-19/USA/MI-UM-2006S000954/2020	EPI_ISL_484769	2020-04-06	North America / USA / Michigan	Human		unknown	unknown	unknown	Original	Nasopharyngeal swab		A.3	S
hCoV-19/USA/VA-DCLS-0544/2020	EPI_ISL_485845	2020-03-11	North America / USA / Virginia	Human		unknown	unknown	unknown	Original			A.3	S
hCoV-19/USA/FL-BPHL-0301/2020	EPI_ISL_489710	2020-04-20	North America / USA / Florida	Human		unknown	unknown	unknown	Original			A.3	S
hCoV-19/USA/FL-BPHL-0324/2020	EPI_ISL_489733	2020-04-16	North America / USA / Florida	Human		unknown	unknown	unknown	Original			A.3	S
hCoV-19/USA/FL-BPHL-0328/2020	EPI_ISL_489737	2020-04-17	North America / USA / Florida	Human		unknown	unknown	unknown	Original			A.3	S
hCoV-19/USA/FL-BPHL-0329/2020	EPI_ISL_489738	2020-04-17	North America / USA / Florida	Human		unknown	unknown	unknown	Original			A.3	S
hCoV-19/USA/FL-BPHL-0330/2020	EPI_ISL_489739	2020-04-17	North America / USA / Florida	Human		unknown	unknown	unknown	Original			A.3	S
hCoV-19/USA/FL-BPHL-0331/2020	EPI_ISL_489740	2020-04-17	North America / USA / Florida	Human		unknown	unknown	unknown	Original			A.3	S
hCoV-19/USA/FL-BPHL-0359/2020	EPI_ISL_489768	2020-04-15	North America / USA / Florida	Human		unknown	unknown	unknown	Original			A.3	S
hCoV-19/USA/FL-BPHL-0360/2020	EPI_ISL_489769	2020-04-15	North America / USA / Florida	Human		unknown	unknown	unknown	Original			A.3	S
hCoV-19/USA/FL-BPHL-0361/2020	EPI_ISL_489770	2020-04-15	North America / USA / Florida	Human		unknown	unknown	unknown	Original			A.3	S
hCoV-19/USA/FL-BPHL-0362/2020	EPI_ISL_489771	2020-04-15	North America / USA / Florida	Human		unknown	unknown	unknown	Original			A.3	S
hCoV-19/USA/FL-BPHL-0363/2020	EPI_ISL_489772	2020-04-15	North America / USA / Florida	Human		unknown	unknown	unknown	Original			A.3	S
hCoV-19/USA/FL-BPHL-0364/2020	EPI_ISL_489773	2020-04-15	North America / USA / Florida	Human		unknown	unknown	unknown	Original			A.3	S
hCoV-19/USA/FL-BPHL-0369/2020	EPI_ISL_489778	2020-04-23	North America / USA / Florida	Human		unknown	unknown	unknown	Original			A.3	S
hCoV-19/USA/FL-BPHL-0371/2020	EPI_ISL_489780	2020-04-23	North America / USA / Florida	Human		unknown	unknown	unknown	Original			A.3	S
hCoV-19/USA/FL-BPHL-0383/2020	EPI_ISL_489792	2020-04-24	North America / USA / Florida	Human		unknown	unknown	unknown	Original			A.3	S
hCoV-19/USA/FL-BPHL-0408/2020	EPI_ISL_489817	2020-05-15	North America / USA / Florida	Human		unknown	unknown	unknown	Original			A.3	S
hCoV-19/USA/FL-BPHL-0409/2020	EPI_ISL_489818	2020-05-15	North America / USA / Florida	Human		unknown	unknown	unknown	Original			A.3	O
hCoV-19/USA/FL-BPHL-0410/2020	EPI_ISL_489819	2020-05-15	North America / USA / Florida	Human		unknown	unknown	unknown	Original			A.3	S
hCoV-19/Scotland/CVR2096/2020	EPI_ISL_490662	2020-04-10	Europe / United Kingdom / Scotland	Human		unknown	unknown	unknown	Original			A.3	S
hCoV-19/Scotland/CVR2362/2020	EPI_ISL_490686	2020-04-13	Europe / United Kingdom / Scotland	Human		unknown	unknown	unknown	Original			A.3	S
hCoV-19/USA/SC-DHEC-0001/2020	EPI_ISL_491097	2020-03-06	North America / USA / South Carolina / Berkeley	Human		Female	unknown	unknown	Original	Nasopharyngeal swab		A.3	S
hCoV-19/USA/SC-DHEC-0003/2020	EPI_ISL_491098	2020-03-07	North America / USA / South Carolina / Berkeley	Human		Male	unknown	unknown	Original	Nasopharyngeal swab		A.3	S
hCoV-19/USA/SC-DHEC-0008/2020	EPI_ISL_491099	2020-03-10	North America / USA / South Carolina / Berkeley	Human		Male	unknown	unknown	Original	Nasopharyngeal swab		A.3	S
hCoV-19/USA/SC-DHEC-0027/2020	EPI_ISL_491100	2020-03-18	North America / USA / South Carolina / Berkeley	Human		unknown	unknown	unknown	Original	Nasopharyngeal swab		A.3	S
hCoV-19/USA/SC-DHEC-0046/2020	EPI_ISL_491101	2020-03-25	North America / USA / South Carolina / Berkeley	Human		Female	unknown	unknown	Original	Nasopharyngeal swab		A.3	S
hCoV-19/USA/SC-DHEC-0048/2020	EPI_ISL_491102	2020-03-25	North America / USA / South Carolina / Berkeley	Human		Male	unknown	unknown	Original	Nasopharyngeal swab		A.3	S
hCoV-19/USA/SC-DHEC-0050/2020	EPI_ISL_491103	2020-03-26	North America / USA / South Carolina / Berkeley	Human		Female	unknown	unknown	Original	Nasopharyngeal swab		A.3	S
hCoV-19/USA/SC-DHEC-0055/2020	EPI_ISL_491104	2020-03-27	North America / USA / South Carolina / Berkeley	Human		Male	unknown	unknown	Original	Nasopharyngeal swab		A.3	S
hCoV-19/USA/SC-DHEC-0093/2020	EPI_ISL_491108	2020-04-24	North America / USA / South Carolina / Richland	Human		Female	unknown	unknown	Original	Nasopharyngeal swab		A.3	S
hCoV-19/USA/SC-DHEC-0099/2020	EPI_ISL_491109	2020-04-24	North America / USA / South Carolina / Richland	Human		Female	unknown	unknown	Original	Nasopharyngeal swab		A.3	S
hCoV-19/USA/MD_NIDDL_3202/2020	EPI_ISL_491909	2020-04-16	North America / USA / Maryland	Human		Male	35	unknown	Original	Nasopharyngeal Swab		A.3	S
hCoV-19/USA/VA_NIDDL_2702/2020	EPI_ISL_491913	2020-03-25	North America / USA / Virginia	Human		Male	49	unknown	Original	Nasopharyngeal Swab		A.3	S
hCoV-19/USA/VA_NIDDL_2896/2020	EPI_ISL_491921	2020-04-02	North America / USA / Virginia	Human		Female	55	unknown	Original	Nasopharyngeal Swab		A.3	S
hCoV-19/USA/VA_NIDDL_2929/2020	EPI_ISL_491923	2020-04-04	North America / USA / Virginia	Human		Male	79	unknown	Original	Nasopharyngeal Swab		A.3	S
hCoV-19/Australia/SAP168/2020	EPI_ISL_492119	2020-03-19	Oceania / Australia / South Australia	Human		unknown	unknown	unknown	Original			A.3	S
hCoV-19/Australia/SAP169/2020	EPI_ISL_492120	2020-03-19	Oceania / Australia / South Australia	Human		unknown	unknown	unknown	Original			A.3	S
hCoV-19/Taiwan/NCKUH-009/2020	EPI_ISL_493203	2020-03-23	Asia / Taiwan / Tainan	Human		Male	21	Hospitalized	Vero E6 P1	Nasal swab		A.3	S
hCoV-19/Taiwan/NCKUH-010/2020	EPI_ISL_493204	2020-03-23	Asia / Taiwan / Tainan	Human		Male	21	Hospitalized	Vero E6 P1	Sputum		A.3	S
hCoV-19/Taiwan/NCKUH-013/2020	EPI_ISL_493206	2020-03-28	Asia / Taiwan / Tainan	Human		Male	39	Hospitalized	Vero E6 P1	Nasal swab		A.3	S
hCoV-19/USA/TX-QDX-169/2020	EPI_ISL_494540	2020-04-10	North America / USA / Texas	Human		Male	67	unknown	Original	Oro-pharyngeal swab		A.3	S
hCoV-19/USA/TX-QDX-170/2020	EPI_ISL_494541	2020-04-10	North America / USA / Texas	Human		Female	70	unknown	Original	Oro-pharyngeal swab		A.3	S
hCoV-19/USA/FL-BPHL-0450/2020	EPI_ISL_495356	2020-03-23	North America / USA / Florida	Human		unknown	unknown	unknown	Original			A.3	S
hCoV-19/USA/FL-BPHL-0485/2020	EPI_ISL_495391	2020-03-21	North America / USA / Florida	Human		unknown	unknown	unknown	Original			A.3	S
hCoV-19/USA/FL-BPHL-0487/2020	EPI_ISL_495393	2020-03-24	North America / USA / Florida	Human		unknown	unknown	unknown	Original			A.3	S
hCoV-19/USA/MI-UM-2006S001093/2020	EPI_ISL_495577	2020-04-17	North America / USA / Michigan	Human		unknown	unknown	unknown	Original	Nasopharyngeal swab		A.3	S
hCoV-19/USA/MN-MDH-1320/2020	EPI_ISL_495619	2020-03-24	North America / USA / Minnesota	Human		unknown	unknown	unknown	Original			A.3	S
hCoV-19/Panama/328726/2020	EPI_ISL_496610	2020-03-08	North America / Panama / Panama Center / Amelia Denis De Icaza	Human	Imported from USA	Male	60	Deceased	Original	Oro-pharyngeal swab		A.3	S
hCoV-19/Panama/328933/2020	EPI_ISL_496616	2020-03-09	North America / Panama / Panama Center / Rufina Alfaro	Human	Imported from Puerto Rico	Female	44	Hospitalized	Original	Oro-pharyngeal swab		A.3	S
hCoV-19/Panama/329536/2020	EPI_ISL_496631	2020-03-12	North America / Panama / Panama West / Vista Alegre	Human	Local from health	Female	43	Outpatient	Original	Oro-pharyngeal swab		A.3	S
hCoV-19/Panama/330671/2020	EPI_ISL_496669	2020-03-18	North America / Panama / Colon	Human	Local	Female	46	Outpatient	Original	Oro-pharyngeal swab		A.3	S
hCoV-19/Panama/332252/2020	EPI_ISL_496706	2020-03-23	North America / Panama / Guna Yala	Human	Local	Male	49	Hospitalized	Original	Oro-pharyngeal swab		A.3	S
hCoV-19/Panama/333694/2020	EPI_ISL_496753	2020-03-23	North America / Panama / Colon	Human	Local	Male	19	Outpatient	Original	Oro-pharyngeal swab		A.3	S
hCoV-19/Panama/333937/2020	EPI_ISL_496756	2020-03-23	North America / Panama / Colon	Human	Local	Female	29	Outpatient	Original	Oro-pharyngeal swab		A.3	S
hCoV-19/Panama/334144/2020	EPI_ISL_496767	2020-03-24	North America / Panama / Colon	Human	Local	Female	40	Outpatient	Original	Oro-pharyngeal swab		A.3	S
hCoV-19/Panama/338744/2020	EPI_ISL_496884	2020-04-09	North America / Panama / Colon	Human	Local	Female	25	Outpatient	Original	Oro-pharyngeal swab		A.3	S
hCoV-19/Panama/339160/2020	EPI_ISL_496892	2020-04-10	North America / Panama / Colon	Human	Local	Male	28	Outpatient	Original	Oro-pharyngeal swab		A.3	S
hCoV-19/Panama/339494/2020	EPI_ISL_496895	2020-04-11	North America / Panama / Colon	Human	Local	Male	22	Outpatient	Original	Oro-pharyngeal swab		A.3	S
hCoV-19/Panama/339499/2020	EPI_ISL_496896	2020-04-11	North America / Panama / Colon	Human	Local	Male	26	Outpatient	Original	Oro-pharyngeal swab		A.3	S
hCoV-19/Panama/339644/2020	EPI_ISL_496898	2020-04-12	North America / Panama / Colon	Human	Local	Male	40	Outpatient	Original	Oro-pharyngeal swab		A.3	S
hCoV-19/USA/GA-UW-MAYO61/2020	EPI_ISL_500513	2020-03-17	North America / USA / Georgia	Human		unknown	unknown	unknown	Original			A.3	S
hCoV-19/USA/GA-UW-MAYO64/2020	EPI_ISL_500515	2020-03-22	North America / USA / Georgia	Human		unknown	unknown	unknown	Original			A.3	S
hCoV-19/USA/IL-UW-MAYO6/2020	EPI_ISL_500535	2020-03-20	North America / USA / Illinois	Human		unknown	unknown	unknown	Original			A.3	S
hCoV-19/Australia/NSW2170/2020	EPI_ISL_500641	2020-03-19	Oceania / Australia / New South Wales	Human		Female	63	unknown	Original			A.3	S
hCoV-19/Australia/NSW2261/2020	EPI_ISL_500697	2020-03-22	Oceania / Australia / New South Wales	Human		Female	48	unknown	Original			A.3	S
hCoV-19/USA/GA-UW-MAYO63/2020	EPI_ISL_501074	2020-03-20	North America / USA / Georgia	Human		unknown	unknown	unknown	Original			A.3	S
hCoV-19/USA/IL-UW-MAYO2/2020	EPI_ISL_501075	2020-03-23	North America / USA / Illinois	Human		unknown	unknown	unknown	Original			A.3	S
hCoV-19/USA/TX-GCID-192000051B/2020	EPI_ISL_501167	2020-03-23	North America / USA / Texas / Houston	Human		Female	50-54	Severe / ICU	Original	Nasal Swab		A.3	S
hCoV-19/USA/MI-MDHHS-SC21168/2020	EPI_ISL_507425	2020-04-04	North America / USA / Michigan	Human		unknown	unknown	unknown	Original			A.3	S
hCoV-19/USA/MI-MDHHS-SC21383/2020	EPI_ISL_507637	2020-03-23	North America / USA / Michigan	Human		unknown	unknown	unknown	Original			A.3	S
hCoV-19/USA/MI-MDHHS-SC21393/2020	EPI_ISL_507647	2020-03-22	North America / USA / Michigan	Human		unknown	unknown	unknown	Original			A.3	S
hCoV-19/USA/MI-MDHHS-SC21418/2020	EPI_ISL_507672	2020-03-19	North America / USA / Michigan	Human		unknown	unknown	unknown	Original			A.3	S
hCoV-19/USA/MI-MDHHS-SC21094/2020	EPI_ISL_507870	2020-03-26	North America / USA / Michigan	Human		unknown	unknown	unknown	Original			A.3	S
hCoV-19/USA/MI-MDHHS-SC21136/2020	EPI_ISL_507912	2020-03-30	North America / USA / Michigan	Human		unknown	unknown	unknown	Original			A.3	S
hCoV-19/USA/MI-MDHHS-SC21153/2020	EPI_ISL_507929	2020-03-30	North America / USA / Michigan	Human		unknown	unknown	unknown	Original			A.3	S
hCoV-19/Australia/SAP453/2020	EPI_ISL_508143	2020-03-15	Oceania / Australia / South Australia	Human		unknown	unknown	unknown	Original			A.3	S
hCoV-19/USA/FL-BPHL-0584/2020	EPI_ISL_508788	2020-03-20	North America / USA / Florida	Human		unknown	unknown	unknown	Original			A.3	S
hCoV-19/USA/FL-BPHL-0595/2020	EPI_ISL_508799	2020-03-24	North America / USA / Florida	Human		unknown	unknown	unknown	Original			A.3	S
hCoV-19/USA/FL-BPHL-0597/2020	EPI_ISL_508801	2020-03-24	North America / USA / Florida	Human		unknown	unknown	unknown	Original			A.3	S
hCoV-19/USA/FL-BPHL-0602/2020	EPI_ISL_508806	2020-03-20	North America / USA / Florida	Human		unknown	unknown	unknown	Original			A.3	S
hCoV-19/USA/FL-BPHL-0617/2020	EPI_ISL_508821	2020-04-04	North America / USA / Florida	Human		unknown	unknown	unknown	Original			A.3	S
hCoV-19/USA/FL-BPHL-0645/2020	EPI_ISL_508849	2020-04-06	North America / USA / Florida	Human		unknown	unknown	unknown	Original			A.3	O
hCoV-19/USA/FL-BPHL-0648/2020	EPI_ISL_508852	2020-04-06	North America / USA / Florida	Human		unknown	unknown	unknown	Original			A.3	S
hCoV-19/USA/FL-BPHL-0651/2020	EPI_ISL_508855	2020-04-06	North America / USA / Florida	Human		unknown	unknown	unknown	Original			A.3	S
hCoV-19/USA/MD-MDH-0080/2020	EPI_ISL_509484	2020-05-25	North America / USA / Maryland	Human		unknown	unknown	unknown	Original	Nasopharyngeal swab		A.3	S
hCoV-19/USA/MD-MDH-0081/2020	EPI_ISL_509485	2020-05-25	North America / USA / Maryland	Human		unknown	unknown	unknown	Original	Nasopharyngeal swab		A.3	S
hCoV-19/USA/MD-MDH-0082/2020	EPI_ISL_509486	2020-05-26	North America / USA / Maryland	Human		unknown	unknown	unknown	Original	Oropharyngeal swab		A.3	S
hCoV-19/Australia/NSW2063/2020	EPI_ISL_509496	2020-03-19	Oceania / Australia / New South Wales	Human		Female	63	unknown	Original			A.3	S
hCoV-19/Guatemala/CDC-1234/2020	EPI_ISL_509701	2020-03-19	North America / Guatemala	Human		Female	43	unknown	Original	Nasopharyngeal swab		A.3	S
hCoV-19/USA/FL-BPHL-0676/2020	EPI_ISL_509734	2020-03-24	North America / USA / Florida	Human		unknown	unknown	unknown	Original			A.3	S
hCoV-19/USA/FL-BPHL-0682/2020	EPI_ISL_509740	2020-03-26	North America / USA / Florida	Human		unknown	unknown	unknown	Original			A.3	S
hCoV-19/USA/FL-BPHL-0714/2020	EPI_ISL_509772	2020-03-31	North America / USA / Florida	Human		unknown	unknown	unknown	Original			A.3	S
hCoV-19/USA/WI-UW-936/2020	EPI_ISL_509936	2020-05-05	North America / USA / Wisconsin / Milwaukee county	Human		unknown	unknown	unknown	Original	Nasal Swab		A.3	S
hCoV-19/South Korea/KCDC2291/2020	EPI_ISL_510627	2020-05-20	Asia / South Korea	Human	imported	Male	48	unknown	Original			A.3	S
hCoV-19/South Korea/KCDC2300/2020	EPI_ISL_510636	2020-05-22	Asia / South Korea	Human	imported	Male	58	unknown	Original			A.3	S
hCoV-19/USA/MD-HP00171/2020	EPI_ISL_511866	2020-03-22	North America / USA / Maryland	Human	North America / USA / Maryland	Female	71	unknown	Original	Nasopharyngeal swab		A.3	S
hCoV-19/USA/MD-HP00549/2020	EPI_ISL_511869	2020-04-06	North America / USA / Maryland	Human	North America / USA / Maryland	Female	71	unknown	Original	Nasopharyngeal swab		A.3	S
hCoV-19/USA/MD-HP00567/2020	EPI_ISL_511871	2020-04-06	North America / USA / Maryland	Human	North America / USA / Maryland	Male	59	unknown	Original	Nasopharyngeal swab		A.3	S
hCoV-19/USA/MD-HP00883/2020	EPI_ISL_511872	2020-04-04	North America / USA / Maryland	Human	North America / USA / Maryland	Male	59	unknown	Original	Nasopharyngeal swab		A.3	S
hCoV-19/USA/AK-PHL464/2020	EPI_ISL_512141	2020-06-10	North America / USA / Alaska	Human		unknown	unknown	unknown	Original	Nasopharyngeal swab		A.3	S
hCoV-19/USA/FL-USAFSAM-S009/2020	EPI_ISL_512785	2020-03-19	North America / USA	Human		unknown	unknown	unknown	Original	Clinical		A.3	S
hCoV-19/USA/FL-USAFSAM-S010/2020	EPI_ISL_512786	2020-03-24	North America / USA	Human		unknown	unknown	unknown	Original	Clinical		A.3	S
hCoV-19/USA/ME-HETL-J0030/2020	EPI_ISL_513442	2020-03-16	North America / USA / Maine	Human		unknown	unknown	unknown	Original	Nasopharyngeal/Throat		A.3	S
hCoV-19/USA/ME-HETL-J0051/2020	EPI_ISL_513462	2020-03-19	North America / USA / Maine	Human		unknown	unknown	unknown	Original	Nasopharyngeal		A.3	S
hCoV-19/USA/MN-MDH-1418/2020	EPI_ISL_514637	2020-03-16	North America / USA / Minnesota	Human		unknown	unknown	unknown	Original			A.3	S
hCoV-19/USA/MN-MDH-1420/2020	EPI_ISL_514639	2020-03-19	North America / USA / Minnesota	Human		unknown	unknown	unknown	Original			A.3	S
hCoV-19/USA/MN-MDH-1428/2020	EPI_ISL_514647	2020-03-25	North America / USA / Minnesota	Human		unknown	unknown	unknown	Original			A.3	S
hCoV-19/USA/MN-MDH-1436/2020	EPI_ISL_514655	2020-03-31	North America / USA / Minnesota	Human		unknown	unknown	unknown	Original			A.3	S
hCoV-19/USA/MI-MDHHS-SC21511/2020	EPI_ISL_516238	2020-04-02	North America / USA / Michigan	Human		unknown	unknown	unknown	Original			A.3	S
hCoV-19/USA/MI-MDHHS-SC21576/2020	EPI_ISL_516303	2020-03-23	North America / USA / Michigan	Human		unknown	unknown	unknown	Original			A.3	S
hCoV-19/USA/MI-MDHHS-SC21590/2020	EPI_ISL_516317	2020-03-25	North America / USA / Michigan	Human		unknown	unknown	unknown	Original			A.3	S
hCoV-19/USA/VA-DCLS-0860/2020	EPI_ISL_516656	2020-04-30	North America / USA / Virginia	Human		unknown	uknown	unknown	Original	uknown		A.3	S
hCoV-19/Singapore/833/2020	EPI_ISL_516805	2020-03-25	Asia / Singapore	Human		Female	29	Hospitalized	Original			A.3	S
hCoV-19/USA/FL-BPHL-0898/2020	EPI_ISL_517788	2020-03-24	North America / USA / Florida	Human		unknown	unknown	unknown	Original			A.3	S
hCoV-19/USA/MN-MDH-1466/2020	EPI_ISL_518860	2020-03-23	North America / USA / Minnesota	Human		unknown	unknown	unknown	Original			A.3	S
hCoV-19/USA/MN-MDH-1469/2020	EPI_ISL_518863	2020-03-23	North America / USA / Minnesota	Human		unknown	unknown	unknown	Original			A.3	S
hCoV-19/USA/MN-MDH-1474/2020	EPI_ISL_518868	2020-03-18	North America / USA / Minnesota	Human		unknown	unknown	unknown	Original			A.3	S
hCoV-19/USA/MN-MDH-1477/2020	EPI_ISL_518871	2020-03-24	North America / USA / Minnesota	Human		unknown	unknown	unknown	Original			A.3	S
hCoV-19/USA/MN-MDH-1481/2020	EPI_ISL_518875	2020-03-18	North America / USA / Minnesota	Human		unknown	unknown	unknown	Original			A.3	S
hCoV-19/USA/MD-MDH-0093/2020	EPI_ISL_522829	2020-05-26	North America / USA / Maryland	Human		unknown	unknown	unknown	Original	Nasopharyngeal swab		A.3	S
hCoV-19/USA/MD-MDH-0094/2020	EPI_ISL_522830	2020-05-26	North America / USA / Maryland	Human		unknown	unknown	unknown	Original	Nasopharyngeal swab		A.3	S
hCoV-19/USA/MD-MDH-0095/2020	EPI_ISL_522831	2020-05-26	North America / USA / Maryland	Human		unknown	unknown	unknown	Original	Nasopharyngeal swab		A.3	S
hCoV-19/USA/MD-MDH-0096/2020	EPI_ISL_522832	2020-05-26	North America / USA / Maryland	Human		unknown	unknown	unknown	Original	Nasopharyngeal swab		A.3	S
hCoV-19/USA/MD-MDH-0103/2020	EPI_ISL_522838	2020-05-27	North America / USA / Maryland	Human		unknown	unknown	unknown	Original	Nasopharyngeal swab		A.3	S
hCoV-19/USA/TX-DSHS-0172/2020	EPI_ISL_524053	2020-03-11	North America / USA / Texas	Human		unknown	unknown	unknown	Original	Throat swab		A.3	S
hCoV-19/USA/TX-DSHS-0175/2020	EPI_ISL_524056	2020-03-12	North America / USA / Texas	Human		unknown	unknown	unknown	Original	Nasopharyngeal swab		A.3	S
hCoV-19/USA/TX-DSHS-0176/2020	EPI_ISL_524057	2020-03-12	North America / USA / Texas	Human		unknown	unknown	unknown	Original	Throat swab		A.3	S
hCoV-19/USA/UT-UPHL-04471/2020	EPI_ISL_525338	2020-05-21	North America / USA / Utah	Human		unknown	unknown	unknown	Original			A.3	S
hCoV-19/USA/UT-UPHL-04473/2020	EPI_ISL_525340	2020-05-21	North America / USA / Utah	Human		unknown	unknown	unknown	Original			A.3	S
hCoV-19/USA/NY-Wadsworth-14419-01/2020	EPI_ISL_525611	2020-03-09	North America / USA / New York	Human		Male	62	unknown	Original	unknown		A.3	S
hCoV-19/USA/NY-Wadsworth-21493-01/2020	EPI_ISL_525621	2020-03-18	North America / USA / New York	Human		Male	85	Deceased	Original	Upper Respiratory / Oro-pharyngeal Swab		A.3	S
hCoV-19/USA/NY-Wadsworth-26730-01/2020	EPI_ISL_525626	2020-03-23	North America / USA / New York	Human		Male	55	unknown	Original	Upper Respiratory Swab		A.3	S
hCoV-19/USA/NY-Wadsworth-28157-01/2020	EPI_ISL_525630	2020-03-24	North America / USA / New York	Human		Female	61	unknown	Original	Upper Respiratory Swab		A.3	S
hCoV-19/USA/TX-DSHS-0200/2020	EPI_ISL_525763	2020-03-11	North America / USA / Texas	Human		unknown	unknown	unknown	Original	nasopharyngeal swab		A.3	S
hCoV-19/USA/FL-BPHL-0884/2020	EPI_ISL_526553	2020-05-05	North America / USA / Florida	Human		unknown	unknown	unknown	Original			A.3	S
hCoV-19/USA/FL-BPHL-1069/2020	EPI_ISL_526555	2020-04-22	North America / USA / Florida	Human		unknown	unknown	unknown	Original			A.3	S
hCoV-19/USA/FL-BPHL-1073/2020	EPI_ISL_526559	2020-04-25	North America / USA / Florida	Human		unknown	unknown	unknown	Original			A.3	S
hCoV-19/USA/FL-BPHL-1078/2020	EPI_ISL_526564	2020-04-30	North America / USA / Florida	Human		unknown	unknown	unknown	Original			A.3	S
hCoV-19/USA/VA-DCLS-0591/2020	EPI_ISL_526811	2020-03-28	North America / USA / Virginia	Human		unknown	uknown	unknown	Original			A.3	S
hCoV-19/USA/VA-DCLS-0595/2020	EPI_ISL_526815	2020-03-28	North America / USA / Virginia	Human		unknown	uknown	unknown	Original			A.3	S
hCoV-19/USA/VA-DCLS-0613/2020	EPI_ISL_526829	2020-04-01	North America / USA / Virginia	Human		unknown	uknown	unknown	Original			A.3	S
hCoV-19/USA/GA-CDC-6258/2020	EPI_ISL_527658	2020-07-01	North America / USA / Georgia	Human		unknown	unknown	unknown	Original	Nasopharyngeal swab		A.3	S
hCoV-19/USA/SC-DHEC-0014/2020	EPI_ISL_529171	2020-03-14	North America / USA / South Carolina	Human		Female	unknown	unknown	Original	Nasopharyngeal swab		A.3	S
hCoV-19/USA/SC-DHEC-0026/2020	EPI_ISL_529172	2020-03-18	North America / USA / South Carolina	Human		Female	unknown	unknown	Original	Nasopharyngeal swab		A.3	S
hCoV-19/USA/SC-DHEC-0031/2020	EPI_ISL_529173	2020-03-20	North America / USA / South Carolina	Human		Female	unknown	unknown	Original	Nasopharyngeal swab		A.3	S
hCoV-19/USA/SC-DHEC-0032/2020	EPI_ISL_529174	2020-03-20	North America / USA / South Carolina	Human		Male	unknown	unknown	Original	Nasopharyngeal swab		A.3	S
hCoV-19/USA/SC-DHEC-0064/2020	EPI_ISL_529175	2020-03-30	North America / USA / South Carolina	Human		Male	unknown	unknown	Original	Nasopharyngeal swab		A.3	S
hCoV-19/USA/MI-MDHHS-SC21691/2020	EPI_ISL_529810	2020-03-24	North America / USA / Michigan	Human		unknown	unknown	unknown	Original			A.3	S