Virus name	Accession ID	Collection date	Location	Host	Additional location information	Sampling strategy	Gender	Patient age	Patient status	Last vaccinated	Passage	Specimen	Additional host information	Lineage	Clade	AA Substitutions
hCoV-19/Canada/ON-PHL-20-80021/2020	EPI_ISL_10553013	2020-03-18	North America / Canada / Ontario	Human			Male	75-79	unknown		Original	Nasopharyngeal swab		A.1	S	(NSP13_P504L,NSP13_Y541C,NS8_L84S)
hCoV-19/Canada/ON-PHL-20-80238/2020	EPI_ISL_10553033	2020-03-22	North America / Canada / Ontario	Human			Male	60-64	unknown		Original	Nasopharyngeal swab		A.1	S	(NSP1_M85del,NSP13_P504L,NSP1_V86del,NSP13_Y541C,NS8_L84S)
hCoV-19/USA/MD-HP27477-PIDDPSICLV/2020	EPI_ISL_10879277	2020-03-15	North America / USA / Maryland	Human		Surveillance	Female	31-34	unknown		Original			A.3	S	(NSP14_F233L,N_A208G,NSP3_P153L,NS8_V62L,NSP8_M129I,NSP1_D75E,NS8_L84S)
hCoV-19/USA/MD-HP27502-PIDVAQFZAG/2020	EPI_ISL_10879292	2020-03-07	North America / USA / Maryland	Human		Surveillance	Male	64-67	unknown		Original			A.3	S	(NSP14_F233L,N_A208G,NSP3_P153L,NS8_V62L,NSP8_M129I,NSP1_D75E,NS8_L84S)
hCoV-19/USA/MD-HP27526-PIDPXNAYRX/2020	EPI_ISL_10879308	2020-03-16	North America / USA / Maryland	Human		Surveillance	Male	34-37	unknown		Original			A.3	S	(NSP14_F233L,N_A208G,NSP3_P153L,NS8_V62L,NSP8_M129I,NSP1_D75E,NS8_L84S)
hCoV-19/USA/MD-HP27542-PIDNPFKJDJ/2020	EPI_ISL_10879321	2020-03-25	North America / USA / Maryland	Human		Surveillance	Female	58-61	unknown		Original			A.3	S	(NSP14_F233L,N_A208G,NSP3_P153L,NS8_V62L,NSP8_M129I,NSP1_D75E,NS8_L84S)
hCoV-19/USA/MD-HP27547-PIDWCWAKOR/2020	EPI_ISL_10879324	2020-03-12	North America / USA / Maryland	Human		Surveillance	Male	58-61	unknown		Original			A.3	S	(NSP14_F233L,N_A208G,NSP3_P153L,NS8_V62L,NSP8_M129I,NSP2_Q383L,NSP1_D75E,NS8_L84S)
hCoV-19/USA/MD-HP27557-PIDEVKSMZO/2020	EPI_ISL_10879329	2020-03-16	North America / USA / Maryland	Human		Surveillance	Female	58-61	unknown		Original			A.3	S	(NSP14_F233L,N_A208G,NSP3_P153L,NS8_V62L,NSP8_M129I,NSP1_D75E,NS8_L84S)
hCoV-19/USA/MD-HP27759-PIDSEAHXYT/2020	EPI_ISL_10879408	2020-03-13	North America / USA / Maryland	Human		Surveillance	Female	34-37	unknown		Original			A.3	S	(NSP14_F233L,N_A208G,NSP3_P153L,NS8_V62L,NSP8_M129I,NSP1_D75E,NS8_L84S)
hCoV-19/USA/MD-HP27799-PIDVCVZJSR/2020	EPI_ISL_10879442	2020-02-25	North America / USA / Maryland	Human		Surveillance	Female	85-88	unknown		Original			A.1	S	(NSP13_P504L,NSP13_Y541C,NS8_L84S)
hCoV-19/USA/MD-HP27822-PIDXYMYQKV/2020	EPI_ISL_10879458	2020-03-12	North America / USA / Maryland	Human		Surveillance	Female	34-37	unknown		Original			A.3	S	(NSP14_F233L,N_A208G,NSP3_P153L,NS8_V62L,NSP8_M129I,NSP1_D75E,NS8_L84S)
hCoV-19/USA/MD-HP27963-PIDLGEEMHU/2020	EPI_ISL_10952558	2020-04-17	North America / USA / Maryland	Human		Surveillance	Male	34-37	unknown		Original			A.3	S	(NSP14_F233L,N_A208G,NSP3_P153L,NS8_V62L,NSP8_M129I,NSP1_D75E,NS8_L84S)
hCoV-19/USA/MD-HP28146-PIDRSSQRYA/2020	EPI_ISL_11168622	2020-04-11	North America / USA / Maryland	Human		Surveillance	Male	52-55	unknown		Original			A.3	S	(NSP14_F233L,N_A208G,NSP3_P153L,NS8_V62L,NSP8_M129I,NSP1_D75E,NS8_L84S)
hCoV-19/USA/MD-HP28157-PIDPXLPHDJ/2020	EPI_ISL_11168632	2020-04-05	North America / USA / Maryland	Human		Surveillance	Female	31-34	unknown		Original			A.3	S	(NSP14_F233L,N_A208G,NSP3_P153L,NS8_V62L,NSP8_M129I,NSP1_D75E,NS8_L84S)
hCoV-19/Chile/RM-22499/2020	EPI_ISL_1167821	2020-03-11	South America / Chile / Region Metropolitana de Santiago / Las Condes	Human			Male	31	unknown		Original	Nasopharyngeal swab		A	O	()
hCoV-19/USA/MD-HP29445-PIDXTUCALT/2020	EPI_ISL_11963249	2020-04-13	North America / USA / Maryland	Human		Surveillance	Female	34-37	unknown		Original			A.3	S	(NSP14_F233L,N_A208G,NSP3_P153L,NS8_V62L,NSP8_M129I,NSP1_D75E,NS8_L84S)
hCoV-19/USA/MD-HP29449-PIDXRHZWDW/2020	EPI_ISL_11963253	2020-04-07	North America / USA / Maryland	Human		Surveillance	Female	46-49	unknown		Original			A.3	S	(NSP14_F233L,N_A208G,NSP3_P153L,NS8_V62L,NSP8_M129I,NSP1_D75E,NS8_L84S)
hCoV-19/USA/MD-HP29474-PIDNFQRHFS/2020	EPI_ISL_11963279	2020-04-20	North America / USA / Maryland	Human		Surveillance	Female	67-70	unknown		Original			A.3	S	(NSP14_F233L,N_A208G,NSP3_P153L,NS8_V62L,NSP8_M129I,NSP1_D75E,NS8_L84S)
hCoV-19/USA/MD-HP30144-PIDRYKQJSG/2020	EPI_ISL_12171294	2020-04-08	North America / USA / Maryland	Human		Surveillance	Male	55-58	unknown		Original			A.3	S	(NSP14_F233L,N_A208G,NSP3_P153L,NS8_V62L,NSP8_M129I,NSP1_D75E,NS8_L84S)
hCoV-19/USA/GA-EHC-145Q/2020	EPI_ISL_1278057	2020-04-07	North America / USA / Georgia	Human			Male	82	unknown		Original	Nasopharyngeal swab		A.3	S	(NSP14_F233L,N_A208G,NSP3_P153L,NS8_V62L,NSP8_M129I,NSP1_D75E,NS8_L84S)
hCoV-19/USA/GA-EHC-147S/2020	EPI_ISL_1278058	2020-04-05	North America / USA / Georgia	Human			Male	54	unknown		Original	Nasopharyngeal swab		A.3	S	(NSP14_F233L,N_A208G,NSP3_P153L,NS8_V62L,NSP8_M129I,NSP1_D75E,NS8_L84S)
hCoV-19/Australia/VIC335/2020	EPI_ISL_12846179	2020-03-20	Oceania / Australia / Victoria	Human			Male	45	unknown		Original			A.1	S	(NSP13_P504L,NSP13_Y541C,NS8_L84S)
hCoV-19/Australia/VIC336/2020	EPI_ISL_12846180	2020-03-20	Oceania / Australia / Victoria	Human			Male	20	unknown		Original			A.1	S	(NSP13_P504L,NSP13_Y541C,NS8_L84S)
hCoV-19/Mexico/CMX-INER-IBT-2/2020	EPI_ISL_1301718	2020-03-27	North America / Mexico / Mexico City	Human			Female	unknown	Hospitalized		Original	Pharyngeal swab		A.1	S	(NSP13_P504L,NSP13_Y541C,NS8_L84S)
hCoV-19/USA/MO-MSPHL-008017/2020	EPI_ISL_13083186	2020-03-20	North America / USA / Missouri	Human			unknown	unknown	unknown		Original	Nasopharyngeal swab		A.1	S	(NSP13_P504L,NSP13_Y541C,NS8_L84S)
hCoV-19/USA/IL-NM-32615/2020	EPI_ISL_13896670	2020-03-28	North America / USA / Illinois / Chicago	Human			unknown	unknown	unknown		Original			A.3	S	(NSP14_F233L,N_A208G,NSP3_P153L,NS8_V62L,NSP8_M129I,NSP1_D75E,NS8_L84S)
hCoV-19/USA/IL-RUSH-00324/2020	EPI_ISL_14379637	2020-03-25	North America / USA / Illinois / Cook County / Chicago	Human		Targeted surveillance	unknown	90	unknown		Original	Nasopharyngeal swab		A.3	S	(NSP14_F233L,N_A208G,NSP3_P153L,NS8_V62L,NSP8_M129I,NSP1_D75E,NS8_L84S)
hCoV-19/USA/IL-RUSH-00330/2020	EPI_ISL_14379648	2020-03-25	North America / USA / Illinois / Cook County / Chicago	Human		Targeted surveillance	unknown	83	unknown		Original	Nasopharyngeal swab		A.1	S	(NSP13_P504L,NSP13_Y541C,NS8_L84S,NSP6_L37F)
hCoV-19/USA/IL-RUSH-00376/2020	EPI_ISL_14379698	2020-04-01	North America / USA / Illinois / Cook County / Chicago	Human		Targeted surveillance	unknown	74	unknown		Original	Nasopharyngeal swab		A.3	S	(NSP14_F233L,N_A208G,NSP3_P153L,NS8_V62L,NSP8_M129I,NS8_L84S)
hCoV-19/USA/IL-RUSH-00653/2020	EPI_ISL_14379725	2020-03-18	North America / USA / Illinois / Cook County / Chicago	Human		Targeted surveillance	unknown	70	unknown		Original	Nasopharyngeal swab		A.3	S	(NSP14_F233L,N_A208G,NSP3_P153L,NS8_V62L,NSP8_M129I,NSP1_D75E,NS8_L84S)
hCoV-19/USA/IL-RUSH-00605/2020	EPI_ISL_14379813	2020-03-14	North America / USA / Illinois / Cook County / Chicago	Human		Targeted surveillance	unknown	61	unknown		Original	Nasopharyngeal swab		A.3	S	(NSP14_F233L,N_A208G,NSP3_P153L,NS8_V62L,NSP8_M129I,NSP1_D75E,NS8_L84S)
hCoV-19/USA/IL-RUSH-00043/2020	EPI_ISL_14379819	2020-03-19	North America / USA / Illinois / Cook County / Chicago	Human		Targeted surveillance	unknown	61	unknown		Original	Nasopharyngeal swab		A.3	S	(NSP14_F233L,N_A208G,NSP3_P153L,NS8_V62L,NSP8_M129I,NSP1_D75E,NS8_L84S)
hCoV-19/USA/IL-RUSH-00668/2020	EPI_ISL_14379852	2020-03-27	North America / USA / Illinois / Cook County / Chicago	Human		Targeted surveillance	unknown	58	unknown		Original	Nasopharyngeal swab		A.3	S	(NSP14_F233L,N_A208G,NSP3_P153L,NS8_V62L,NSP8_M129I,NSP1_D75E,NS8_L84S)
hCoV-19/USA/IL-RUSH-00894/2020	EPI_ISL_14379882	2020-04-09	North America / USA / Illinois / Cook County / Chicago	Human		Targeted surveillance	unknown	56	unknown		Original	Nasopharyngeal swab		A.3	S	(NSP14_F233L,N_A208G,NSP3_P153L,NS8_V62L,NSP8_M129I,NS8_L84S)
hCoV-19/USA/IL-RUSH-00021/2020	EPI_ISL_14379891	2020-03-26	North America / USA / Illinois / Cook County / Chicago	Human		Targeted surveillance	unknown	56	unknown		Original	Nasopharyngeal swab		A.3	S	(NSP3_P153L,NS8_V62L,NSP8_M129I,NS8_L84S)
hCoV-19/USA/IL-RUSH-00444/2020	EPI_ISL_14379921	2020-04-03	North America / USA / Illinois / Cook County / Chicago	Human		Targeted surveillance	unknown	54	unknown		Original	Nasopharyngeal swab		A.3	S	(NSP14_F233L,N_A208G,NSP3_P153L,NS8_V62L,NSP8_M129I,NS8_L84S)
hCoV-19/USA/IL-RUSH-00220/2020	EPI_ISL_14380066	2020-04-06	North America / USA / Illinois / Cook County / Chicago	Human		Targeted surveillance	unknown	46	unknown		Original	Nasopharyngeal swab		A.3	S	(NSP14_F233L,N_A208G,NSP3_P153L,NS8_V62L,NSP8_M129I,NS8_L84S)
hCoV-19/USA/IL-RUSH-00456/2020	EPI_ISL_14380262	2020-04-06	North America / USA / Illinois / Cook County / Chicago	Human		Targeted surveillance	unknown	33	unknown		Original	Nasopharyngeal swab		A.3	S	(NSP14_F233L,N_A208G,NSP3_P153L,NS8_V62L,NSP8_M129I,NS8_L84S)
hCoV-19/USA/IL-RUSH-00622/2020	EPI_ISL_14380318	2020-03-16	North America / USA / Illinois / Cook County / Chicago	Human		Targeted surveillance	unknown	30	unknown		Original	Nasopharyngeal swab		A.3	S	(NSP14_F233L,N_A208G,NSP3_P153L,NS8_V62L,NSP8_M129I,NSP1_D75E,NS8_L84S)
hCoV-19/USA/IL-RUSH-00487/2020	EPI_ISL_14380415	2020-04-06	North America / USA / Illinois / Cook County / Chicago	Human		Targeted surveillance	unknown	25	unknown		Original	Nasopharyngeal swab		A.3	S	(NSP14_F233L,N_A208G,NSP3_P153L,NS8_V62L,NSP8_M129I,NS8_L84S)
hCoV-19/Canada/ON-PHL-20-90011-v2/2020	EPI_ISL_2364207	2020-03	North America / Canada / Ontario	Human			Female	65-69	unknown		Original	Nasopharyngeal		A.1	S	(NSP13_P504L,NSP13_Y541C,NS8_L84S)
hCoV-19/USA/CO-CDPHE-2003060154/2020	EPI_ISL_2549577	2020-03-05	North America / USA / Colorado	Human			unknown	unknown	unknown		Original			A.1	S	(NSP13_P504L,NSP13_Y541C,NS8_L84S)
hCoV-19/USA/CO-CDPHE-2003100009/2020	EPI_ISL_2549580	2020-03-09	North America / USA / Colorado	Human			unknown	unknown	unknown		Original			A.1	S	(NSP13_P504L,NSP13_Y541C,NS8_L84S)
hCoV-19/USA/CO-CDPHE-2003100010/2020	EPI_ISL_2549581	2020-03-09	North America / USA / Colorado	Human			unknown	unknown	unknown		Original			A.1	S	(NSP13_P504L,NSP13_Y541C,NS8_L84S)
hCoV-19/USA/CO-CDPHE-2003110110/2020	EPI_ISL_2549608	2020-03-10	North America / USA / Colorado	Human			unknown	unknown	unknown		Original			A.1	S	(NSP13_P504L,NSP13_Y541C,NS8_L84S)
hCoV-19/USA/CO-CDPHE-2003110128/2020	EPI_ISL_2549609	2020-03-10	North America / USA / Colorado	Human			unknown	unknown	unknown		Original			A.1	S	(NSP13_P504L,NSP13_Y541C,NS8_L84S)
hCoV-19/USA/CO-CDPHE-2003110171/2020	EPI_ISL_2549612	2020-03-10	North America / USA / Colorado	Human			unknown	unknown	unknown		Original			A.1	S	(NSP13_P504L,NSP13_Y541C,NS8_L84S)
hCoV-19/USA/CO-CDPHE-2003110185/2020	EPI_ISL_2549613	2020-03-10	North America / USA / Colorado	Human			unknown	unknown	unknown		Original			A.1	S	(NSP13_P504L,NSP13_Y541C,NS8_L84S)
hCoV-19/USA/CO-CDPHE-2003110199/2020	EPI_ISL_2549615	2020-03-10	North America / USA / Colorado	Human			unknown	unknown	unknown		Original			A.1	S	(NSP13_P504L,NSP13_Y541C,NS8_L84S)
hCoV-19/USA/CO-CDPHE-2003110215/2020	EPI_ISL_2549619	2020-03-10	North America / USA / Colorado	Human			unknown	unknown	unknown		Original			A.1	S	(NSP13_P504L,NSP13_Y541C,NS8_L84S)
hCoV-19/USA/CO-CDPHE-2003110425/2020	EPI_ISL_2549632	2020-03-11	North America / USA / Colorado	Human			unknown	unknown	unknown		Original			A.1	S	(NSP13_P504L,NSP13_Y541C,NS8_L84S)
hCoV-19/USA/CO-CDPHE-2003120161/2020	EPI_ISL_2549648	2020-03-10	North America / USA / Colorado	Human			unknown	unknown	unknown		Original			A.1	S	(NSP13_P504L,NSP13_Y541C,NS8_L84S)
hCoV-19/USA/CO-CDPHE-2003130723/2020	EPI_ISL_2549663	2020-03-13	North America / USA / Colorado	Human			unknown	unknown	unknown		Original			A	O	()
hCoV-19/USA/MD-HP13123-PIDCFHVEWM/2020	EPI_ISL_2691736	2020-08-06	North America / USA / Maryland	Human			Male	58-61	unknown		Original			A.3	S	(NSP14_F233L,N_A208G,NSP3_P153L,NS8_V62L,NSP8_M129I,NSP1_D75E,NS8_L84S)
hCoV-19/Hong Kong/HKPU-00218/2020	EPI_ISL_2710879	2020-03-20	Asia / Hong Kong	Human			Male	54	Discharged		Original			A.1	S	(NSP13_P504L,NSP13_Y541C,NS8_L84S)
hCoV-19/USA/GA-CDC-GA-EHC-008H/2020	EPI_ISL_2790694	2020-03-13	North America / USA / Georgia	Human			Female	67	unknown		Original	Oropharyngeal Swab		A.3	S	(NSP14_F233L,N_A208G,NSP3_P153L,NS8_V62L,NSP8_M129I,NSP1_D75E,NS8_L84S)
hCoV-19/USA/MD-HP06699-PIDVJJTHBL/2020	EPI_ISL_2884998	2020-03-31	North America / USA / Maryland	Human			Male	70-73	unknown		Original			A.3	S	(NSP14_F233L,N_A208G,NSP3_P153L,NS8_V62L,NSP8_M129I,NSP1_D75E,NS8_L84S)
hCoV-19/USA/MD-HP06762-PIDOFFICRP/2020	EPI_ISL_2885043	2020-04-05	North America / USA / Maryland	Human			Male	28-31	unknown		Original			A.3	S	(NSP14_F233L,N_A208G,NSP3_P153L,NS8_V62L,NSP8_M129I,NSP1_D75E,NS8_L84S)
hCoV-19/USA/MD-HP06814-PIDIFWOUYE/2020	EPI_ISL_2885083	2020-04-10	North America / USA / Maryland	Human			Male	46-49	unknown		Original			A.3	S	(NSP14_F233L,N_A208G,NSP3_P153L,NS8_V62L,NSP8_M129I,NSP1_D75E,NS8_L84S)
hCoV-19/USA/MD-HP07058-PIDTBARXGD/2020	EPI_ISL_2885143	2020-05-06	North America / USA / Maryland	Human			Female	82-85	unknown		Original			A.3	S	(NSP14_F233L,N_A208G,NSP3_P153L,NS8_V62L,NSP8_M129I,NSP1_D75E,NS8_L84S)
hCoV-19/USA/IL-RIPHL_10157_Y/2020	EPI_ISL_3024697	2020-03-27	North America / USA / Illinois / Chicago	Human		Research - specific population	unknown	58	unknown		Original	Nasopharyngeal		A.3	S	(NSP14_F233L,N_A208G,NSP3_P153L,NS8_V62L,NSP8_M129I,NSP1_D75E,NS8_L84S)
hCoV-19/Hong Kong/CUHK-NC0980/2020	EPI_ISL_3065968	2020-03-20	Asia / Hong Kong	Human			Male	54	unknown		Original	Upper Resp_NPSTS		A.1	S	(NSP13_P504L,NSP13_Y541C,NS8_L84S)
hCoV-19/Australia/NSW-SAVID-3184/2020	EPI_ISL_3568093	2020-03-23	Oceania / Australia / New South Wales / Sydney	Human			Male	29	unknown		Original			A.1	S	(NSP13_P504L,NSP13_Y541C,NS8_L84S)
hCoV-19/Australia/NSW-SAVID-3194/2020	EPI_ISL_3568102	2020-03-23	Oceania / Australia / New South Wales / Sydney	Human			Male	30	unknown		Original			A.1	S	(NSP13_P504L,NSP13_Y541C,NS8_L84S)
hCoV-19/Australia/NSW-SAVID-3255/2020	EPI_ISL_3568146	2020-03-20	Oceania / Australia / New South Wales / Sydney	Human			Female	30	unknown		Original			A.1	S	(NSP13_P504L,NSP13_Y541C,NS8_L84S)
hCoV-19/Australia/NSW-SAVID-3256/2020	EPI_ISL_3568147	2020-03-20	Oceania / Australia / New South Wales / Sydney	Human			Female	25	unknown		Original			A.1	S	(NSP13_P504L,NSP13_Y541C,NS8_L84S)
hCoV-19/Australia/NSW-SAVID-3258/2020	EPI_ISL_3568149	2020-03-20	Oceania / Australia / New South Wales / Sydney	Human			Male	30	unknown		Original			A.1	S	(NSP13_P504L,NSP13_Y541C,NS8_L84S)
hCoV-19/Australia/NSW-SAVID-3265/2020	EPI_ISL_3568156	2020-03-20	Oceania / Australia / New South Wales / Sydney	Human			Female	26	unknown		Original			A.1	S	(NSP13_P504L,NSP13_Y541C,NS8_L84S)
hCoV-19/Australia/NSW-SAVID-3266/2020	EPI_ISL_3568157	2020-03-20	Oceania / Australia / New South Wales / Sydney	Human			Female	26	unknown		Original			A.1	S	(NSP13_P504L,NSP13_Y541C,NS8_L84S)
hCoV-19/Australia/NSW-SAVID-3267/2020	EPI_ISL_3568158	2020-03-20	Oceania / Australia / New South Wales / Sydney	Human			Female	29	unknown		Original			A.1	S	(NSP13_P504L,NSP13_Y541C,NS8_L84S)
hCoV-19/Australia/NSW-SAVID-3480/2020	EPI_ISL_3568230	2020-03-17	Oceania / Australia / New South Wales / Sydney	Human			Female	21	unknown		Original			A.1	S	(NSP13_P504L,NSP13_Y541C,NS8_L84S)
hCoV-19/Australia/NSW-SAVID-3510/2020	EPI_ISL_3568253	2020-03-12	Oceania / Australia / New South Wales / Sydney	Human			Male	31	unknown		Original			A.1	S	(NSP13_P504L,NSP13_Y541C,NS8_L84S)
hCoV-19/Australia/NSW-SAVID-3529/2020	EPI_ISL_3568266	2020-03-15	Oceania / Australia / New South Wales / Sydney	Human			Male	83	unknown		Original			A.1	S	(NSP13_P504L,NSP13_Y541C,NS8_L84S,NSP6_L37F)
hCoV-19/Australia/NSW-SAVID-3796/2020	EPI_ISL_3568319	2020-03-12	Oceania / Australia / New South Wales / Sydney	Human			Male	62	unknown		Original			A.1	S	(NSP13_P504L,NSP13_Y541C,NS8_L84S)
hCoV-19/Australia/NSW-SAVID-3999/2020	EPI_ISL_3568405	2020-03-24	Oceania / Australia / New South Wales / Sydney	Human			Female	22	unknown		Original			A.1	S	(NSP13_P504L,NSP13_Y541C,NS8_L84S)
hCoV-19/Australia/NSW-SAVID-4171/2020	EPI_ISL_3568541	2020-04-18	Oceania / Australia / New South Wales / Sydney	Human			Male	62	unknown		Original			A.1	S	(NSP13_P504L,NSP13_Y541C,NS8_L84S)
hCoV-19/USA/IL-NM-8517/2020	EPI_ISL_4026001	2020-03-31	North America / USA / Illinois / Chicago	Human		Baseline surveillance	unknown	unknown	unknown		Original			A.3	S	(NSP14_F233L,N_A208G,NSP3_P153L,NS8_V62L,NSP8_M129I,NSP1_D75E,NS8_L84S)
hCoV-19/USA/IL-NM-8520/2020	EPI_ISL_4026004	2020-04-09	North America / USA / Illinois / Chicago	Human		Baseline surveillance	unknown	unknown	unknown		Original			A.3	S	(NSP14_F233L,N_A208G,NSP3_P153L,NS8_V62L,NSP8_M129I,NSP1_D75E,NS8_L84S)
hCoV-19/Australia/VIC05/2020	EPI_ISL_416413	2020-03-05	Oceania / Australia / Victoria / Melbourne	Human			Male	73	unknown		Original		unknown	A.1	S	(NSP13_P504L,NSP13_Y541C,NS8_L84S)
hCoV-19/Australia/QLDID919/2020	EPI_ISL_417031	2020-03-11	Oceania / Australia / Queensland / Gold Coast	Human			Female	63	unknown		Original	Swab		A.1	S	(NSP13_P504L,NSP13_Y541C,NS8_L84S)
hCoV-19/USA/MN26-MDH26/2020	EPI_ISL_417194	2020-03-12	North America / USA / Minnesota	Human			unknown	unknown	unknown		Original			A.1	S	(NSP13_P504L,NSP13_Y541C,NS8_L84S)
hCoV-19/Australia/NSW37/2020	EPI_ISL_417395	2020-03-10	Oceania / Australia / New South Wales / Sydney	Human			unknown	unknown	unknown		Original			A.1	S	(NSP13_P504L,NSP13_Y541C,NS8_L84S)
hCoV-19/Iceland/259/2020	EPI_ISL_417587	2020-03-17	Europe / Iceland / Reykjavik	Human	Travel history: North America / USA		Male	45	unknown		Original			A.1	S	(NSP13_P504L,NSP13_Y541C,NS8_L84S)
hCoV-19/Canada/BC_0443574/2020	EPI_ISL_418816	2020-03-11	North America / Canada / British Columbia	Human			unknown	28	unknown		Original			A.1	S	(NSP13_P504L,NSP13_Y541C,NS8_L84S)
hCoV-19/USA/VA-DCLS-0001/2020	EPI_ISL_418864	2020-03-17	North America / USA / Virginia	Human			unknown	unknown	unknown		Original			A.1	S	(NSP13_P504L,NSP13_Y541C,NS8_L84S)
hCoV-19/USA/MN63-MDH63/2020	EPI_ISL_419391	2020-03-14	North America / USA / Minnesota	Human			unknown	unknown	unknown		Original			A.1	S	(NSP13_P504L,NSP13_Y541C,NS8_L84S)
hCoV-19/Australia/VIC111/2020	EPI_ISL_419715	2020-03-18	Oceania / Australia / Victoria	Human			Male	65	unknown		Original			A.1	S	(NSP13_P504L,NSP13_Y541C,NS8_L84S)
hCoV-19/Australia/VIC110/2020	EPI_ISL_419716	2020-03-18	Oceania / Australia / Victoria	Human			Female	62	unknown		Original			A.1	S	(NSP13_P504L,NSP13_Y541C,NS8_L84S)
hCoV-19/Australia/VIC115/2020	EPI_ISL_419717	2020-03-18	Oceania / Australia / Victoria	Human			Male	33	unknown		Original			A.1	S	(NSP13_P504L,NSP13_Y541C,NS8_L84S)
hCoV-19/Australia/VIC118/2020	EPI_ISL_419719	2020-03-17	Oceania / Australia / Victoria	Human			Male	58	unknown		Original			A.1	S	(NSP13_P504L,NSP13_Y541C,NS8_L84S)
hCoV-19/Australia/VIC24/2020	EPI_ISL_419739	2020-03-09	Oceania / Australia / Victoria	Human			Male	69	unknown		Original			A.1	S	(NSP13_P504L,NSP13_Y541C,NS8_L84S)
hCoV-19/Australia/VIC20/2020	EPI_ISL_419741	2020-03-08	Oceania / Australia / Victoria	Human			Female	20	unknown		Original			A.1	S	(NSP13_P504L,NSP13_Y541C,NS8_L84S)
hCoV-19/Australia/VIC94/2020	EPI_ISL_419805	2020-03-16	Oceania / Australia / Victoria	Human			Female	57	unknown		Original			A.1	S	(NSP13_P504L,NSP13_Y541C,NS8_L84S)
hCoV-19/Australia/VIC139/2020	EPI_ISL_419836	2020-03-15	Oceania / Australia / Victoria	Human			Male	69	unknown		Original			A.1	S	(NSP13_P504L,NSP13_Y541C,NS8_L84S)
hCoV-19/Australia/VIC160/2020	EPI_ISL_419857	2020-03-18	Oceania / Australia / Victoria	Human			Male	23	unknown		Original			A.1	S	(NSP13_P504L,NSP13_Y541C,NS8_L84S)
hCoV-19/Australia/VIC162/2020	EPI_ISL_419859	2020-03-18	Oceania / Australia / Victoria	Human			Male	59	unknown		Original			A.1	S	(NSP13_P504L,NSP13_Y541C,NS8_L84S)
hCoV-19/Australia/VIC165/2020	EPI_ISL_419862	2020-03-18	Oceania / Australia / Victoria	Human			Male	60	unknown		Original			A.1	S	(NSP13_P504L,NSP13_Y541C,NS8_L84S)
hCoV-19/Australia/VIC205/2020	EPI_ISL_419900	2020-03-19	Oceania / Australia / Victoria	Human			Female	49	unknown		Original			A.1	S	(NSP13_P504L,NSP13_Y541C,NS8_L84S)
hCoV-19/Australia/VIC213/2020	EPI_ISL_419908	2020-03-20	Oceania / Australia / Victoria	Human			Male	24	unknown		Original			A.1	S	(NSP13_P504L,NSP13_Y541C,NS8_L84S)
hCoV-19/Australia/VIC229/2020	EPI_ISL_419924	2020-03-21	Oceania / Australia / Victoria	Human			Female	51	unknown		Original			A.1	S	(NSP13_P504L,NSP13_Y541C,NS8_L84S)
hCoV-19/Australia/VIC265/2020	EPI_ISL_419958	2020-03-22	Oceania / Australia / Victoria	Human			Male	55	unknown		Original			A.1	S	(NSP13_P504L,NSP13_Y541C,NS8_L84S)
hCoV-19/USA/NY-PV08490/2020	EPI_ISL_421426	2020-03-17	North America / USA / New York	Human			Male	22	unknown		Original	Nasopharyngeal swab		A.3	S	(NSP14_F233L,N_A208G,NSP3_P153L,NS8_V62L,NSP8_M129I,NSP1_D75E,NS8_L84S)
hCoV-19/USA/UT-055/2020	EPI_ISL_421561	2020-03-17	North America / USA / Utah	Human			unknown	unknown	unknown		Original			A.1	S	(NSP13_P504L,NSP13_Y541C,NS8_L84S)
hCoV-19/USA/NJ-NYUMC111/2020	EPI_ISL_421723	2020-03-18	North America / USA / New Jersey	Human			Female	27	unknown		Original			A.1	S	(NSP13_P504L,NSP13_Y541C,NS8_L84S)
hCoV-19/USA/FL-UFL-UF1/2020	EPI_ISL_424350	2020-03-10	North America / USA / Florida	Human			unknown	unknown	unknown		Vero E6	Nasal swab		A.1	S	(NSP13_P504L,NSP13_Y541C,NS8_L84S)
hCoV-19/Iceland/445/2020	EPI_ISL_424469	2020-03-20	Europe / Iceland / Reykjavik	Human			Female	45	unknown		Original			A.1	S	(NSP13_P504L,NSP13_Y541C,NS8_L84S)
hCoV-19/USA/WA-UW-2228/2020	EPI_ISL_426119	2020-03-23	North America / USA / Washington	Human			unknown	unknown	unknown		Original			A.3	S	(NSP14_F233L,N_A208G,NSP3_P153L,NS8_V62L,NSP8_M129I,NSP1_D75E,NS8_L84S)
hCoV-19/Australia/VIC687/2020	EPI_ISL_426981	2020-03-29	Oceania / Australia / Victoria	Human			Male	86	unknown		Original			A.1	S	(NSP13_P504L,NSP13_Y541C,NS8_L84S)
hCoV-19/Australia/VIC734/2020	EPI_ISL_427013	2020-03-30	Oceania / Australia / Victoria	Human			Female	21	unknown		Original			A.1	S	(NSP13_P504L,NSP13_Y541C,NS8_L84S)
hCoV-19/Australia/VIC736/2020	EPI_ISL_427015	2020-03-30	Oceania / Australia / Victoria	Human			Female	82	unknown		Original			A.1	S	(NSP13_P504L,NSP13_Y541C,NS8_L84S)
hCoV-19/Australia/VIC741/2020	EPI_ISL_427019	2020-03-30	Oceania / Australia / Victoria	Human			Female	51	unknown		Original			A.1	S	(NSP13_P504L,NSP13_Y541C,NS8_L84S)
hCoV-19/Australia/VIC847/2020	EPI_ISL_427107	2020-04-04	Oceania / Australia / Victoria	Human			Male	36	unknown		Original			A.1	S	(NSP13_P504L,NSP13_Y541C,NS8_L84S)
hCoV-19/USA/NY-WCMP11A03P/2020	EPI_ISL_427583	2020-03-16	North America / USA / New York / Manhattan	Human	Hospital		unknown	unknown	unknown		Original	Nasopharyngeal swab		A.3	S	(NSP14_F233L,N_A208G,NSP3_P153L,NS8_V62L,NSP8_M129I,NSP1_D75E,NS8_L84S)
hCoV-19/Singapore/48/2020	EPI_ISL_428827	2020-03-17	Asia / Singapore	Human	Travel history: North America / USA		Male	42	unknown		Original			A.1	S	(NSP13_P504L,NSP13_Y541C,NS8_L84S)
hCoV-19/Canada/MB_38/2020	EPI_ISL_429819	2020-03-18	North America / Canada / Manitoba	Human			unknown	unknown	unknown		Original	Nasopharyngeal swab		A.1	S	(NSP13_P504L,NSP13_Y541C,NS8_L84S,NSP6_L37F)
hCoV-19/USA/VA-DCLS-0070/2020	EPI_ISL_429970	2020-03-28	North America / USA / Virginia	Human			unknown	unknown	unknown		Original			A.3	S	(NSP14_F233L,N_A208G,NSP3_P153L,NS8_V62L,NSP8_M129I,NSP1_D75E,NS8_L84S)
hCoV-19/Australia/VIC-CBA4/2020	EPI_ISL_430064	2020-03-07	Oceania / Australia / Victoria	Human			Female	21	unknown		Original	Oropharyngeal swab		A.1	S	(NSP13_P504L,NSP13_Y541C,NS8_L84S)
hCoV-19/Australia/VIC1237/2020	EPI_ISL_430525	2020-04-02	Oceania / Australia / Victoria	Human			Male	26	unknown		Original			A.1	S	(NSP13_Y541C,NS8_L84S)
hCoV-19/Australia/VIC1200/2020	EPI_ISL_430527	2020-03-31	Oceania / Australia / Victoria	Human			Male	23	unknown		Original			A.1	S	(NSP13_Y541C,NS8_L84S)
hCoV-19/USA/VA-DCLS-0095/2020	EPI_ISL_434590	2020-04-09	North America / USA / Virginia	Human			unknown	unknown	unknown		Original			A.3	S	(NSP14_F233L,N_A208G,NSP3_P153L,NS8_V62L,NSP8_M129I,NSP1_D75E,NS8_L84S)
hCoV-19/USA/VA-DCLS-0098/2020	EPI_ISL_434592	2020-04-10	North America / USA / Virginia	Human			unknown	unknown	unknown		Original			A.3	S	(NSP14_F233L,N_A208G,NSP3_P153L,NS8_V62L,NSP8_M129I,NSP1_D75E,NS8_L84S)
hCoV-19/USA/FL-UF1/2020	EPI_ISL_434636	2020-03-10	North America / USA / Florida	Human			unknown	unknown	unknown		Vero E6 P1	Nasal swab		A.1	S	(NSP13_P504L,NSP13_Y541C,NS8_L84S)
hCoV-19/USA/MD-HP00030/2020	EPI_ISL_434686	2020-03-20	North America / USA / Maryland	Human			Male	73	unknown		Original	Nasopharyngeal swab		A.3	S	(NSP14_F233L,N_A208G,NSP3_P153L,NS8_V62L,NSP8_M129I,NSP1_D75E,NS8_L84S)
hCoV-19/USA/TX-HMH051/2020	EPI_ISL_434760	2020-03-17	North America / USA / Texas	Human			unknown	unknown	unknown		Original			A.3	S	(NSP14_F233L,N_A208G,NSP3_P153L,NS8_V62L,NSP8_M129I,NSP1_D75E,NS8_L84S)
hCoV-19/USA/TX-HMH0117/2020	EPI_ISL_434818	2020-03-20	North America / USA / Texas	Human			unknown	unknown	unknown		Original			A.1	S	(NSP13_P504L,NSP13_Y541C,NS8_L84S)
hCoV-19/USA/TX-HMH0145/2020	EPI_ISL_434844	2020-03-22	North America / USA / Texas	Human			unknown	unknown	unknown		Original			A.1	S	(NSP13_P504L,NSP13_Y541C,NS8_L84S)
hCoV-19/USA/TX-HMH0185/2020	EPI_ISL_434863	2020-03-23	North America / USA / Texas	Human			unknown	unknown	unknown		Original			A.1	S	(NSP13_P504L,NSP13_Y541C,NS8_L84S)
hCoV-19/USA/TX-HMH0300/2020	EPI_ISL_434923	2020-03-28	North America / USA / Texas	Human			unknown	unknown	unknown		Original			A.3	S	(NSP14_F233L,N_A208G,NSP3_P153L,NS8_V62L,NSP8_M129I,NSP1_D75E,NS8_L84S)
hCoV-19/USA/MD-MDHP-00030/2020	EPI_ISL_435126	2020-03-20	North America / USA / Maryland	Human			Male	73	unknown		Original	Nasopharyngeal swab		A.3	S	(NSP14_F233L,N_A208G,NSP3_P153L,NS8_V62L,NSP8_M129I,NSP1_D75E,NS8_L84S)
hCoV-19/USA/UT-0108/2020	EPI_ISL_435352	2020-03-12	North America / USA / Utah	Human			unknown	unknown	unknown		Original			A.1	S	(NSP13_P504L,NSP13_Y541C,NS8_L84S)
hCoV-19/USA/PA-MGSC56-05/2020	EPI_ISL_436503	2020-03-25	North America / USA / Pennsylvania / Allegheny County / Pittsburgh	Human			unknown	unknown	unknown		Original	Nasopharyngeal swab		A.1	S	(NSP13_P504L,NSP13_Y541C,NS8_L84S)
hCoV-19/USA/MI-MDHHS-SC20161/2020	EPI_ISL_436823	2020-03-18	North America / USA / Michigan	Human			unknown	unknown	unknown		Original			A.1	S	(NSP13_Y541C,NS8_L84S)
hCoV-19/USA/IL-NM0113/2020	EPI_ISL_444597	2020-03-19	North America / USA / Illinois / Chicago	Human			Male	89	unknown		Original	Nasopharyngeal swab		A.3	S	(NSP14_F233L,N_A208G,NSP3_P153L,NS8_V62L,NSP8_M129I,NSP1_D75E,NS8_L84S)
hCoV-19/USA/CA-NHRC-01/2020	EPI_ISL_444994	2020-03-11	North America / USA / California	Human			Male	21	Outpatient		Original	Nasopharyngeal swab		A.1	S	(NSP13_P504L,NSP13_Y541C,NS8_L84S)
hCoV-19/USA/NY-PV09479/2020	EPI_ISL_450151	2020-03-20	North America / USA / New York / Manhattan	Human			Female	62	unknown		Original	Nasopharyngeal swab		A.1	S	(NSP13_P504L,NSP13_Y541C,NS8_L84S)
hCoV-19/Australia/NSW257/2020	EPI_ISL_451522	2020-03-26	Oceania / Australia / New South Wales / Sydney	Human			unknown	>18	unknown		Original			A.1	S	(NSP13_P504L,NSP13_Y541C,NS8_L84S,NSP3_Y1323del)
hCoV-19/U.S. Virgin Islands/VI-CDC-03083817-001/2020	EPI_ISL_452122	2020-03-23	North America / U.S. Virgin Islands	Human			unknown	unknown	unknown		Original	Nasopharyngeal swab		A.1	O	(NSP13_P504L,NSP13_Y541C,NS8_L84S)
hCoV-19/USA/PA-MGEL107/2020	EPI_ISL_454384	2020-03-31	North America / USA / Pennsylvania / Allegheny County / Pittsburgh	Human			unknown	unknown	unknown		Original	Nasopharyngeal swab		A.3	S	(NSP14_F233L,N_A208G,NSP3_P153L,NS8_V62L,NSP8_M129I,NSP1_D75E,NS8_L84S)
hCoV-19/USA/PA-107/2020	EPI_ISL_454851	2020-03-31	North America / USA / Pennsylvania / Pittsburgh	Human	Other: Allegheny county		unknown	unknown	unknown		Original	Nasopharyngeal swab		A.3	S	(NSP14_F233L,N_A208G,NSP3_P153L,NS8_V62L,NSP8_M129I,NSP1_D75E,NS8_L84S)
hCoV-19/Australia/NSW540/2020	EPI_ISL_455079	2020-03-22	Oceania / Australia / New South Wales / Sydney	Human			unknown	unknown	unknown		Original			A.1	S	(NSP13_P504L,NSP13_Y541C,NS8_L84S)
hCoV-19/Australia/NSW541/2020	EPI_ISL_455080	2020-03-22	Oceania / Australia / New South Wales / Sydney	Human			unknown	unknown	unknown		Original			A.1	S	(NSP13_P504L,NSP13_Y541C,NS8_L84S)
hCoV-19/USA/GA-EHC-009I/2020	EPI_ISL_455355	2020-03-13	North America / USA / Georgia	Human			unknown	unknown	unknown		Original	Nasopharyngeal swab		A.3	S	(NSP14_F233L,N_A208G,NSP3_P153L,NS8_V62L,NSP8_M129I,NSP1_D75E,NS8_L84S)
hCoV-19/USA/MD-HP00112/2020	EPI_ISL_457767	2020-03-29	North America / USA / Maryland	Human	North America / USA / Maryland		Male	39	unknown		Original	Nasopharyngeal swab		A.3	S	(NSP14_F233L,N_A208G,NSP3_P153L,NS8_V62L,NSP8_M129I,NSP1_D75E,NS8_L84S)
hCoV-19/USA/MD-HP00153/2020	EPI_ISL_457782	2020-03-24	North America / USA / Maryland	Human	North America / USA / Maryland		Male	59	unknown		Original	Nasopharyngeal swab		A.3	S	(NSP14_F233L,N_A208G,NSP3_P153L,NS8_V62L,NSP8_M129I,NSP1_D75E,NS8_L84S)
hCoV-19/USA/MD-HP00154/2020	EPI_ISL_457783	2020-03-29	North America / USA / Maryland	Human	North America / USA / Maryland		Female	31	unknown		Original	Nasopharyngeal swab		A.3	S	(NSP14_F233L,N_A208G,NSP3_P153L,NS8_V62L,NSP8_M129I,NSP1_D75E,NS8_L84S)
hCoV-19/USA/MD-HP00031/2020	EPI_ISL_457789	2020-03-16	North America / USA / Maryland	Human	North America / USA / Maryland		Male	63	unknown		Original	Nasopharyngeal swab		A.3	S	(NSP14_F233L,N_A208G,NSP3_P153L,NS8_V62L,NSP8_M129I,NSP1_D75E,NS8_L84S)
hCoV-19/USA/MD-HP00058/2020	EPI_ISL_457800	2020-03-19	North America / USA / Maryland	Human	North America / USA / Maryland		Female	62	unknown		Original	Nasopharyngeal swab		A.1	S	(NSP13_P504L,NSP13_Y541C,NS8_L84S)
hCoV-19/USA/MA-MGH-00530/2020	EPI_ISL_460178	2020-03-18	North America / USA / Massachusetts	Human			unknown	unknown	unknown		Original	Nasopharyngeal and oropharyngeal swab		A.1	S	(NSP13_P504L,NSP13_Y541C,NS8_L84S)
hCoV-19/USA/MA-MGH-00563/2020	EPI_ISL_460186	2020-03-22	North America / USA / Massachusetts	Human			unknown	unknown	unknown		Original	Nasopharyngeal and oropharyngeal swab		A.3	S	(NSP14_F233L,N_A208G,NSP3_P153L,NS8_V62L,NSP8_M129I,NSP1_D75E,NS8_L84S)
hCoV-19/USA/MA-MGH-00063/2020	EPI_ISL_460214	2020-03-24	North America / USA / Massachusetts	Human			unknown	unknown	unknown		Original	Nasopharyngeal and oropharyngeal swab		A.1	S	(NSP13_P504L,NSP13_Y541C,NS8_L84S)
hCoV-19/USA/MA-MGH-00676/2020	EPI_ISL_460388	2020-03-21	North America / USA / Massachusetts	Human			unknown	unknown	unknown		Original	Nasopharyngeal and oropharyngeal swab		A.1	S	(NSP13_P504L,NSP13_Y541C,NS8_L84S)
hCoV-19/USA/MA-MGH-00090/2020	EPI_ISL_460411	2020-03-25	North America / USA / Massachusetts	Human			unknown	unknown	unknown		Original	Nasopharyngeal and oropharyngeal swab		A.1	S	(NSP3_I388del,NSP3_P389del,NSP13_P504L,NSP13_Y541C,NSP3_E392del,NSP3_K390del,NSP3_E391del,NSP3_E387del,NS8_L84S,NSP3_V393del)
hCoV-19/USA/MA-MGH-00646/2020	EPI_ISL_460419	2020-04-02	North America / USA / Massachusetts	Human			unknown	unknown	unknown		Original	Nasopharyngeal and oropharyngeal swab		A.1	S	(NSP13_P504L,NSP13_Y541C,NS8_L84S)
hCoV-19/USA/MA-MGH-00147/2020	EPI_ISL_460433	2020-03-25	North America / USA / Massachusetts	Human			unknown	unknown	unknown		Original	Nasopharyngeal and oropharyngeal swab		A.1	S	(NSP3_I388del,NSP3_P389del,NSP13_P504L,NSP13_Y541C,NSP3_E392del,NSP3_K390del,NSP3_E391del,NSP3_E387del,NS8_L84S,NSP3_V393del)
hCoV-19/USA/MA-MGH-00071/2020	EPI_ISL_460446	2020-03-23	North America / USA / Massachusetts	Human			unknown	unknown	unknown		Original	Nasopharyngeal and oropharyngeal swab		A.1	S	(NSP13_P504L,NSP13_Y541C,NS8_L84S)
hCoV-19/USA/MA-MGH-00132/2020	EPI_ISL_460470	2020-03-25	North America / USA / Massachusetts	Human			unknown	unknown	unknown		Original	Nasopharyngeal and oropharyngeal swab		A.1	S	(NSP13_P504L,NSP13_Y541C,NS8_L84S)
hCoV-19/U.S. Virgin Islands/VI-CDC-03081704-001/2020	EPI_ISL_464167	2020-03-19	North America / U.S. Virgin Islands	Human			Male	unknown	unknown		Original	Nasopharyngeal swab		A.3	S	(NSP14_F233L,N_A208G,NSP3_P153L,NS8_V62L,NSP8_M129I,NSP1_D75E,NS8_L84S)
hCoV-19/USA/NM-UNM-00014/2020	EPI_ISL_467596	2020-03-14	North America / USA / New Mexico	Human			unknown	unknown	unknown		Original			A.1	S	(NSP13_P504L,NSP13_Y541C,NS8_L84S)
hCoV-19/USA/CA-QDX-73/2020	EPI_ISL_467840	2020-03-16	North America / USA / California	Human			Female	37	unknown		Original			A.1	S	(NSP13_P504L,NSP13_Y541C,NS8_L84S)
hCoV-19/USA/NY-QDX-81/2020	EPI_ISL_467903	2020-03-15	North America / USA / New York	Human			Male	38	unknown		Original			A.1	S	(NSP13_P504L,NSP13_Y541C,NS8_L84S)
hCoV-19/USA/PA-QDX-30/2020	EPI_ISL_467904	2020-03-13	North America / USA / Pennsylvania	Human			Male	47	unknown		Original			A.1	S	(NSP13_P504L,NSP13_Y541C,NS8_L84S)
hCoV-19/USA/UT-QDX-20/2020	EPI_ISL_467917	2020-03-12	North America / USA / Utah	Human			Male	42	unknown		Original			A.1	S	(NSP13_P504L,NSP13_Y541C,NS8_L84S)
hCoV-19/USA/UT-QDX-63/2020	EPI_ISL_467921	2020-03-13	North America / USA / Utah	Human			Female	33	unknown		Original			A.3	S	(NSP14_F233L,N_A208G,NSP3_P153L,NS8_V62L,NSP8_M129I,NSP1_D75E,NS8_L84S)
hCoV-19/USA/CA-SR0416/2020	EPI_ISL_467951	2020-03-10	North America / USA / California / San Diego County	Human			unknown	unknown	unknown		Original	Nasopharyngeal swab		A.1	S	(NSP13_P504L,NSP13_Y541C,NS8_L84S)
hCoV-19/USA/CA-SR0421/2020	EPI_ISL_467954	2020-03-10	North America / USA / California / San Diego County	Human			unknown	unknown	unknown		Original	Nasopharyngeal swab		A.1	S	(NSP13_P504L,NSP13_Y541C,NS8_L84S)
hCoV-19/USA/CA-SR0428/2020	EPI_ISL_467958	2020-03-10	North America / USA / California / San Diego County	Human			unknown	unknown	unknown		Original	Nasopharyngeal swab		A.1	S	(NSP13_P504L,NSP13_Y541C,NS8_L84S)
hCoV-19/USA/CA-SR0445/2020	EPI_ISL_467970	2020-03-21	North America / USA / California / San Diego County	Human			unknown	unknown	unknown		Original	Nasopharyngeal swab		A.1	S	(NSP13_P504L,NSP13_Y541C,NS8_L84S)
hCoV-19/USA/CA-SR0455/2020	EPI_ISL_467978	2020-03-16	North America / USA / California / San Diego County	Human			unknown	unknown	unknown		Original	Nasopharyngeal swab		A.1	S	(NSP13_P504L,NSP13_Y541C,NS8_L84S)
hCoV-19/Australia/SA0248/2020	EPI_ISL_467992	2020-03-20	Oceania / Australia / South Australia	Human			unknown	unknown	unknown		Original			A.1	S	(NSP13_P504L,NSP13_Y541C,NS8_L84S)
hCoV-19/USA/CA-QDX-111/2020	EPI_ISL_468563	2020-03-13	North America / USA / California	Human			Female	51	unknown		Original			A.3	S	(NSP14_F233L,N_A208G,NSP3_P153L,NS8_V62L,NSP8_M129I,NSP1_D75E,NS8_L84S)
hCoV-19/USA/CA-QDX-99/2020	EPI_ISL_468570	2020-03-13	North America / USA / California	Human			Female	39	unknown		Original			A.1	S	(NSP13_P504L,NSP13_Y541C,NS8_L84S)
hCoV-19/USA/WI-WSLH-200061/2020	EPI_ISL_471226	2020-04-13	North America / USA / Wisconsin	Human			unknown	unknown	unknown		Original			A.3	S	(NSP14_F233L,N_A208G,NSP3_P153L,NS8_V62L,NSP8_M129I,NSP1_D75E,NS8_L84S)
hCoV-19/USA/WI-WSLH-200088/2020	EPI_ISL_471252	2020-03-17	North America / USA / Wisconsin	Human			unknown	unknown	unknown		Original			A.1	S	(NSP13_P504L,NSP13_Y541C,NS8_L84S)
hCoV-19/Australia/NSW573/2020	EPI_ISL_478685	2020-03-20	Oceania / Australia / New South Wales / Sydney	Human			unknown	unknown	unknown		Original			A.1	S	(NSP13_P504L,NSP13_Y541C,NS8_L84S)
hCoV-19/Australia/NSW575/2020	EPI_ISL_478687	2020-03-20	Oceania / Australia / New South Wales / Sydney	Human			unknown	unknown	unknown		Original			A.1	S	(NSP13_P504L,NSP13_Y541C,NS8_L84S)
hCoV-19/Australia/NSW576/2020	EPI_ISL_478688	2020-03-20	Oceania / Australia / New South Wales / Sydney	Human			unknown	unknown	unknown		Original			A.1	S	(NSP13_P504L,NSP13_Y541C,NS8_L84S)
hCoV-19/Australia/NSW577/2020	EPI_ISL_478689	2020-03-20	Oceania / Australia / New South Wales / Sydney	Human			unknown	unknown	unknown		Original			A.1	S	(NSP13_P504L,NSP13_Y541C,NS8_L84S)
hCoV-19/Australia/NSW578/2020	EPI_ISL_478690	2020-03-21	Oceania / Australia / New South Wales / Sydney	Human			unknown	unknown	unknown		Original			A.1	S	(NSP13_P504L,NSP13_Y541C,NS8_L84S)
hCoV-19/Australia/NSW579/2020	EPI_ISL_478691	2020-03-22	Oceania / Australia / New South Wales / Sydney	Human			unknown	unknown	unknown		Original			A.1	S	(NSP13_P504L,NSP13_Y541C,NS8_L84S)
hCoV-19/USA/VA-DCLS-0537/2020	EPI_ISL_485838	2020-03-12	North America / USA / Virginia	Human			unknown	unknown	unknown		Original			A.1	S	(NSP13_P504L,NSP13_Y541C,NS8_L84S)
hCoV-19/USA/FL-BPHL-0391/2020	EPI_ISL_489800	2020-03-15	North America / USA / Florida	Human			unknown	unknown	unknown		Original			A.1	S	(NSP13_P504L,NSP13_Y541C,NS8_L84S)
hCoV-19/USA/SC-DHEC-0099/2020	EPI_ISL_491109	2020-04-24	North America / USA / South Carolina / Richland County	Human			Female	unknown	unknown		Original	Nasopharyngeal swab		A.3	S	(NSP14_F233L,N_A208G,NSP3_P153L,NS8_V62L,NSP8_M129I,NSP1_D75E,NS8_L84S)
hCoV-19/USA/FL-BPHL-0440/2020	EPI_ISL_495346	2020-03-21	North America / USA / Florida	Human			unknown	unknown	unknown		Original			A.1	S	(NSP13_P504L,NSP13_Y541C,NS8_L84S)
hCoV-19/Panama/328733/2020	EPI_ISL_496611	2020-03-07	North America / Panama / Panama Center / San Francisco	Human	Imported from USA		Male	61	Outpatient		Original	Oropharyngeal swab		A.1	S	(NSP13_P504L,NSP13_Y541C,NS8_L84S)
hCoV-19/Panama/328941/2020	EPI_ISL_496617	2020-02-27	North America / Panama / Panama Center / Amelia Denis de Icaza	Human	Imported from USA		Female	37	Outpatient		Original	Oropharyngeal swab		A.1	S	(NSP13_P504L,NSP13_Y541C,NS8_L84S)
hCoV-19/Panama/329230/2020	EPI_ISL_496627	2020-03-05	North America / Panama / Panama Center / Ancón	Human	Imported from USA		Female	13	Outpatient		Original	Oropharyngeal swab		A.1	S	(NSP13_P504L,NSP13_Y541C,NS8_L84S)
hCoV-19/Panama/329536/2020	EPI_ISL_496631	2020-03-12	North America / Panama / Panama West / Vista Alegre	Human	Local from health		Female	43	Outpatient		Original	Oropharyngeal swab		A.3	S	(NSP14_F233L,N_A208G,NSP3_P153L,NS8_V62L,NSP8_M129I,NSP1_D75E,NS8_L84S)
hCoV-19/Panama/329560/2020	EPI_ISL_496634	2020-03-12	North America / Panama / Panama Center / Ancón	Human	Imported from USA		Male	63	Outpatient		Original	Oropharyngeal swab		A.1	S	(NSP13_P504L,NSP13_Y541C,NS8_L84S)
hCoV-19/Panama/333694/2020	EPI_ISL_496753	2020-03-23	North America / Panama / Colon	Human	Local		Male	19	Outpatient		Original	Oropharyngeal swab		A.3	S	(NSP14_F233L,N_A208G,NSP3_P153L,NS8_V62L,NSP8_M129I,NSP1_D75E,NS8_L84S)
hCoV-19/Panama/333937/2020	EPI_ISL_496756	2020-03-23	North America / Panama / Colon	Human	Local		Female	29	Outpatient		Original	Oropharyngeal swab		A.3	S	(NSP14_F233L,N_A208G,NSP3_P153L,NS8_V62L,NSP8_M129I,NSP1_D75E,NS8_L84S)
hCoV-19/Panama/334144/2020	EPI_ISL_496767	2020-03-24	North America / Panama / Colon	Human	Local		Female	40	Outpatient		Original	Oropharyngeal swab		A.3	S	(NSP14_F233L,N_A208G,NSP3_P153L,NS8_V62L,NSP8_M129I,NSP1_D75E,NS8_L84S)
hCoV-19/Panama/339644/2020	EPI_ISL_496898	2020-04-12	North America / Panama / Colon	Human	Local		Male	40	Outpatient		Original	Oropharyngeal swab		A.3	S	(NSP14_F233L,N_A208G,NSP3_P153L,NS8_V62L,NSP8_M129I,NSP1_D75E,NS8_L84S)
hCoV-19/Australia/NSW641/2020	EPI_ISL_498751	2020-03-20	Oceania / Australia / New South Wales / Sydney	Human			unknown	>18	unknown		Original			A.1	S	(NSP13_P504L,NSP13_Y541C,NS8_L84S)
hCoV-19/Australia/NSW2050/2020	EPI_ISL_500620	2020-03-22	Oceania / Australia / New South Wales	Human			Female	26	unknown		Original			A.1	S	(NSP13_P504L,NSP13_Y541C,NS8_L84S)
hCoV-19/Australia/NSW2137/2020	EPI_ISL_500626	2020-03-09	Oceania / Australia / New South Wales	Human			Female	53	unknown		Original			A.1	S	(NSP13_P504L,NSP13_Y541C,NS8_L84S)
hCoV-19/Australia/NSW2187/2020	EPI_ISL_500650	2020-03-21	Oceania / Australia / New South Wales	Human			Male	29	unknown		Original			A.1	S	(NSP13_P504L,NSP13_Y541C,NS8_L84S)
hCoV-19/Australia/NSW2191/2020	EPI_ISL_500653	2020-03-21	Oceania / Australia / New South Wales	Human			Male	26	unknown		Original			A.1	S	(NSP13_P504L,NSP13_Y541C,NS8_L84S)
hCoV-19/Australia/NSW2192/2020	EPI_ISL_500654	2020-03-20	Oceania / Australia / New South Wales	Human			Male	22	unknown		Original			A.1	S	(NSP6_M100del,NSP13_P504L,NSP13_Y541C,NSP6_V101del,NSP6_D102del,NS8_L84S)
hCoV-19/Australia/NSW2203/2020	EPI_ISL_500663	2020-03-22	Oceania / Australia / New South Wales	Human			Female	30	unknown		Original			A.1	S	(NSP13_P504L,NSP13_Y541C,NS8_L84S)
hCoV-19/Australia/NSW2216/2020	EPI_ISL_500669	2020-03-20	Oceania / Australia / New South Wales	Human			Female	27	unknown		Original			A.1	S	(NSP13_P504L,NSP13_Y541C,NS8_L84S)
hCoV-19/Australia/NSW2228/2020	EPI_ISL_500676	2020-03-18	Oceania / Australia / New South Wales	Human			Female	63	unknown		Original			A.1	S	(NSP13_P504L,NSP13_Y541C,NS8_L84S)
hCoV-19/Australia/NSW2245/2020	EPI_ISL_500685	2020-03-21	Oceania / Australia / New South Wales	Human			Female	27	unknown		Original			A.1	S	(NSP13_P504L,NSP13_Y541C,NS8_L84S)
hCoV-19/Australia/NSW2250/2020	EPI_ISL_500689	2020-03-23	Oceania / Australia / New South Wales	Human			Male	30	unknown		Original			A.1	S	(NSP13_P504L,NSP13_Y541C,NS8_L84S)
hCoV-19/Australia/NSW2051/2020	EPI_ISL_509494	2020-03-22	Oceania / Australia / New South Wales	Human			Female	31	unknown		Original			A.1	S	(NSP13_P504L,NSP13_Y541C,NS8_L84S)
hCoV-19/Australia/NSW2142/2020	EPI_ISL_509501	2020-03-15	Oceania / Australia / New South Wales	Human			Male	62	unknown		Original			A.1	S	(NSP13_P504L,NSP13_Y541C,NS8_L84S)
hCoV-19/Australia/NSW2143/2020	EPI_ISL_509502	2020-03-15	Oceania / Australia / New South Wales	Human			Female	64	unknown		Original			A.1	S	(NSP13_P504L,NSP13_Y541C,NS8_L84S)
hCoV-19/Australia/NSW2152/2020	EPI_ISL_509504	2020-03-15	Oceania / Australia / New South Wales	Human			Male	23	unknown		Original			A.1	S	(NSP13_P504L,NSP13_Y541C,NS8_L84S)
hCoV-19/Australia/NSW2232/2020	EPI_ISL_509511	2020-03-20	Oceania / Australia / New South Wales	Human			Female	25	unknown		Original			A.1	S	(NSP13_P504L,NSP13_Y541C,NS8_L84S)
hCoV-19/Australia/NSW2236/2020	EPI_ISL_509515	2020-03-22	Oceania / Australia / New South Wales	Human			Female	26	unknown		Original			A.1	S	(NSP13_P504L,NSP13_Y541C,NS8_L84S)
hCoV-19/Australia/NSW2273/2020	EPI_ISL_509517	2020-03-22	Oceania / Australia / New South Wales	Human			Female	28	unknown		Original			A.1	S	(NSP13_P504L,NSP13_Y541C,NS8_L84S)
hCoV-19/Australia/NSW2274/2020	EPI_ISL_509518	2020-03-22	Oceania / Australia / New South Wales	Human			Female	21	unknown		Original			A.1	S	(NSP13_P504L,NSP13_Y541C,NS8_L84S)
hCoV-19/Australia/NSW2318/2020	EPI_ISL_509520	2020-03-20	Oceania / Australia / New South Wales	Human			Female	26	unknown		Original			A.1	S	(NSP13_P504L,NSP13_Y541C,NS8_L84S)
hCoV-19/USA/FL-BPHL-0700/2020	EPI_ISL_509758	2020-03-29	North America / USA / Florida	Human			unknown	unknown	unknown		Original			A.1	S	(NSP13_P504L,NSP13_Y541C,NS8_L84S)
hCoV-19/USA/MD-HP00336/2020	EPI_ISL_511867	2020-03-24	North America / USA / Maryland	Human	North America / USA / Maryland		Male	64	unknown		Original	Nasopharyngeal swab		A.3	S	(NSP14_F233L,N_A208G,NSP3_P153L,NS8_V62L,NSP8_M129I,NS8_L84S)
hCoV-19/Costa Rica/INC-0049/2020	EPI_ISL_512655	2020-03-20	North America / Costa Rica / San Jose / Moravia	Human	Travel history: North America / Panama		Female	35	unknown		Original			A.1	S	(NSP6_M100del,NSP13_P504L,NSP13_Y541C,NSP6_V101del,NSP6_D102del,NS8_L84S)
hCoV-19/USA/ME-HETL-J0082/2020	EPI_ISL_514438	2020-03-20	North America / USA / Maine	Human			unknown	unknown	unknown		Original	Nasopharyngeal		A.1	S	(NSP13_P504L,NSP13_Y541C,NS8_L84S)
hCoV-19/USA/ME-HETL-J0086/2020	EPI_ISL_514439	2020-03-20	North America / USA / Maine	Human			unknown	unknown	unknown		Original	Nasopharyngeal		A.1	S	(NSP13_P504L,NSP13_Y541C,NS8_L84S)
hCoV-19/USA/NV-NSPHL-A0039/2020	EPI_ISL_515322	2020-03-23	North America / USA / Nevada	Human			unknown	unknown	unknown		Original			A.1	S	(NSP13_P504L,NSP13_Y541C,NS8_L84S)
hCoV-19/USA/NV-NSPHL-A0044/2020	EPI_ISL_515327	2020-03-24	North America / USA / Nevada	Human			unknown	unknown	unknown		Original			A.1	S	(NSP13_P504L,NSP13_Y541C,NS8_L84S)
hCoV-19/USA/MI-MDHHS-SC21590/2020	EPI_ISL_516317	2020-03-25	North America / USA / Michigan	Human			unknown	unknown	unknown		Original			A.3	S	(NSP14_F233L,N_A208G,NSP3_P153L,NS8_V62L,NSP8_M129I,NSP1_D75E,NS8_L84S)
hCoV-19/USA/VA-DCLS-0860/2020	EPI_ISL_516656	2020-04-30	North America / USA / Virginia	Human			unknown	unknown	unknown		Original			A.3	S	(NSP14_F233L,N_A208G,NSP3_P153L,NS8_V62L,NSP8_M129I,NSP1_D75E,NS8_L84S)
hCoV-19/USA/MN-MDH-1487/2020	EPI_ISL_518880	2020-03-16	North America / USA / Minnesota	Human			unknown	unknown	unknown		Original			A.1	S	(NSP13_P504L,NSP13_Y541C,NS8_L84S)
hCoV-19/Australia/VIC1992/2020	EPI_ISL_521898	2020-03-26	Oceania / Australia / Victoria	Human			unknown	61	unknown		Original			A.1	S	(NSP13_P504L,NSP13_Y541C,NS8_L84S)
hCoV-19/USA/CO-CDPHE-2003110111/2020	EPI_ISL_5254025	2020-03-10	North America / USA / Colorado	Human			unknown	unknown	unknown		Original			A.1	S	(NSP13_Y541C,NS8_L84S)
hCoV-19/USA/PA-56-05/2020	EPI_ISL_525545	2020-03	North America / USA / Pennsylvania / Pittsburgh	Human	Other: Allegheny County		unknown	unknown	unknown		Original	Nasopharyngeal swab		A.1	S	(NSP13_P504L,NSP13_Y541C,NS8_L84S)
hCoV-19/USA/VA-DCLS-0591/2020	EPI_ISL_526811	2020-03-28	North America / USA / Virginia	Human			unknown	unknown	unknown		Original			A.3	S	(NSP14_F233L,N_A208G,NSP3_P153L,NS8_V62L,NSP8_M129I,NSP1_D75E,NS8_L84S)
hCoV-19/Australia/QLD1013/2020	EPI_ISL_530273	2020-03-27	Oceania / Australia / Queensland	Human			unknown	unknown	unknown		Original			A.1	S	(NSP13_P504L,NSP13_Y541C,NS8_L84S)
hCoV-19/Canada/Qc-LSPQ-L00233527/2020	EPI_ISL_536026	2020-03-23	North America / Canada / Quebec	Human			Female	26	unknown		Original			A.1	S	(NSP13_P504L,NSP13_Y541C,NSP13_L500J,NS8_L84S)
hCoV-19/Canada/Qc-LSPQ-L00240552/2020	EPI_ISL_536274	2020-03-27	North America / Canada / Quebec	Human			Male	39	unknown		Original			A.1	S	(NSP13_P504L,NSP13_Y541C,NS8_L84S)
hCoV-19/Peru/LIM-INS-142/2020	EPI_ISL_536537	2020-03-16	South America / Peru / Lima	Human			Female	44	unknown		Original	Oropharyngeal swab		A.1	S	(NSP13_P504L,NSP13_Y541C,NS8_L84S)
hCoV-19/USA/TX-HMH-2919/2020	EPI_ISL_543863	2020-04-16	North America / USA / Texas / Houston	Human			unknown	unknown	unknown		Original			A.3	S	(NSP14_F233L,NSP3_P153L,NS8_V62L,NSP8_M129I,NSP1_D75E,NS8_L84S,N_L331F)
hCoV-19/USA/TX-HMH-2982/2020	EPI_ISL_543910	2020-04-17	North America / USA / Texas / Houston	Human			unknown	unknown	unknown		Original			A.3	S	(NSP14_F233L,N_A208G,NSP3_P153L,NS8_V62L,NSP8_M129I,NSP1_D75E,NS8_L84S)
hCoV-19/USA/CO-CDPHE-2003130244/2020	EPI_ISL_5439225	2020-03-12	North America / USA / Colorado	Human			unknown	unknown	unknown		Original			A.1	S	(NSP13_P504L,NSP13_Y541C,NS8_L84S)
hCoV-19/USA/CO-CDPHE-2003140232/2020	EPI_ISL_5439266	2020-03-12	North America / USA / Colorado	Human			unknown	unknown	unknown		Original			A.1	S	(NSP13_P504L,NSP13_Y541C,NS8_L84S)
hCoV-19/USA/CO-CDPHE-2003150196/2020	EPI_ISL_5439283	2020-03-14	North America / USA / Colorado	Human			unknown	unknown	unknown		Original			A.1	S	(NSP13_P504L,NSP13_Y541C,NS8_L84S)
hCoV-19/USA/DE-DHSS-F917736/2020	EPI_ISL_561346	2020-03-24	North America / USA / Delaware / New Castle County	Human		Baseline surveillance	Male	36	unknown		Original			A.3	S	(NSP14_F233L,N_A208G,NSP3_P153L,NS8_V62L,NSP8_M129I,NSP1_D75E,NS8_L84S)
hCoV-19/USA/AZ-QDX-275/2020	EPI_ISL_571019	2020-03-19	North America / USA / Arizona	Human			Male	26	unknown		Original			A.1	S	(NSP13_P504L,NSP13_Y541C,NS8_L84S)
hCoV-19/USA/CA-QDX-437/2020	EPI_ISL_571162	2020-03-21	North America / USA / California	Human			Female	38	unknown		Original			A.1	S	(NSP13_P504L,NSP13_Y541C,NS8_L84S)
hCoV-19/USA/GA-QDX-582/2020	EPI_ISL_571293	2020-03-17	North America / USA / Georgia	Human			Female	28	unknown		Original			A.3	S	(NSP14_F233L,N_A208G,NSP3_P153L,NS8_V62L,NSP8_M129I,NSP1_D75E,NS8_L84S)
hCoV-19/USA/GA-QDX-585/2020	EPI_ISL_571294	2020-03-18	North America / USA / Georgia	Human			Female	64	unknown		Original			A.3	S	(NSP14_F233L,N_A208G,NSP3_P153L,NS8_V62L,NSP8_M129I,NSP1_D75E,NS8_L84S)
hCoV-19/USA/CO-QDX-672/2020	EPI_ISL_571426	2020-03-18	North America / USA / Colorado	Human			Male	72	unknown		Original			A.1	S	(NSP13_P504L,NSP13_Y541C,NS8_L84S)
hCoV-19/USA/CA-QDX-811/2020	EPI_ISL_571504	2020-03-23	North America / USA / California	Human			Male	58	unknown		Original			A.1	S	(NSP13_P504L,NSP13_Y541C,NS8_L84S)
hCoV-19/USA/FL-QDX-943/2020	EPI_ISL_571598	2020-03-22	North America / USA / Florida	Human			Male	44	unknown		Original			A.3	S	(NSP14_F233L,N_A208G,NSP3_P153L,NS8_V62L,NSP8_M129I,NSP1_D75E,NS8_L84S)
hCoV-19/USA/CA-QDX-1059/2020	EPI_ISL_571715	2020-03-17	North America / USA / California	Human			Male	51	unknown		Original			A.1	S	(NSP13_P504L,NSP13_Y541C,NS8_L84S)
hCoV-19/USA/HI-QDX-1288/2020	EPI_ISL_571927	2020-03-16	North America / USA / Hawaii	Human			Male	66	unknown		Original			A.1	S	(NSP13_P504L,NSP13_Y541C,NS8_L84S)
hCoV-19/USA/LA-QDX-1193/2020	EPI_ISL_571939	2020-03-16	North America / USA / Louisiana	Human			Female	23	unknown		Original			A.3	S	(NSP14_F233L,N_A208G,NSP3_P153L,NS8_V62L,NSP8_M129I,NSP1_D75E,NS8_L84S)
hCoV-19/USA/UT-UPHL-01635/2020	EPI_ISL_575061	2020-04-07	North America / USA / Utah	Human			unknown	unknown	unknown		Original			A.1	S	(NSP13_P504L,NSP13_Y541C,NS8_L84S)
hCoV-19/USA/WI-WSLH-200133/2020	EPI_ISL_578361	2020-04-23	North America / USA / Wisconsin / Racine County	Human			unknown	unknown	unknown		Original			A.3	S	(NSP14_F233L,N_A208G,NSP3_P153L,NS8_V62L,NSP8_M129I,NSP1_D75E,NS8_L84S)
hCoV-19/USA/WI-WSLH-200239/2020	EPI_ISL_578459	2020-04-13	North America / USA / Wisconsin / Racine County	Human			unknown	unknown	unknown		Original			A.3	S	(NSP14_F233L,N_A208G,NSP3_P153L,NS8_V62L,NSP8_M129I,NSP1_D75E,NS8_L84S)
hCoV-19/New Zealand/20VR2476/2020	EPI_ISL_579237	2020	Oceania / New Zealand / Auckland	Human			Female	unknown	unknown		Original	Nasopharyngeal swab		A.3	S	(NSP14_F233L,N_A208G,NSP3_P153L,NS8_V62L,NSP8_M129I,NSP1_D75E,NS8_L84S)
hCoV-19/New Zealand/20VR3168/2020	EPI_ISL_579458	2020-03-24	Oceania / New Zealand / Canterbury	Human			Male	unknown	unknown		Original	Nasopharyngeal swab		A.1	S	(NSP13_P504L,NSP13_Y541C,NS8_L84S)
hCoV-19/Canada/NS-NML-940/2020	EPI_ISL_579572	2020-03-25	North America / Canada / Nova Scotia	Human			Male	62	unknown		Original	Nasopharyngeal swab		A.1	S	(NSP6_M100del,NSP13_P504L,NSP13_Y541C,NSP6_V101del,NSP6_D102del,NS8_L84S)
hCoV-19/USA/CO-CDPHE-2003110574/2020	EPI_ISL_5848790	2020-03-11	North America / USA / Colorado	Human			unknown	unknown	unknown		Original			A.1	S	(NSP13_P504L,NSP13_Y541C,NS8_L84S)
hCoV-19/Australia/WA310/2020	EPI_ISL_596853	2020-03-09	Oceania / Australia / Western Australia	Human			unknown	unknown	unknown		Original			A.1	S	(NSP13_P504L,NSP13_Y541C,NS8_L84S)
hCoV-19/USA/MA-QDX-1447/2020	EPI_ISL_603818	2020-03-16	North America / USA / Massachusetts	Human			Male	59	unknown		Original			A.1	S	(NSP13_P504L,NSP13_Y541C,NS8_L84S)
hCoV-19/USA/MA-QDX-1496/2020	EPI_ISL_603832	2020-03-16	North America / USA / Massachusetts	Human			Male	46	unknown		Original			A.1	S	(NSP13_P504L,NSP13_Y541C,NS8_L84S)
hCoV-19/USA/UT-QDX-1463/2020	EPI_ISL_603848	2020-03-13	North America / USA / Utah	Human			Female	59	unknown		Original			A.1	S	(NSP13_P504L,NSP13_Y541C,NS8_L84S)
hCoV-19/USA/UT-QDX-1466/2020	EPI_ISL_603851	2020-03-15	North America / USA / Utah	Human			Male	31	unknown		Original			A.3	S	(NSP1_F143del,NSP14_F233L,NSP1_K141del,NSP1_S142del,N_A208G,NSP3_P153L,NS8_V62L,NSP8_M129I,NSP1_D75E,NS8_L84S)
hCoV-19/USA/CA-QDX-1651/2020	EPI_ISL_603913	2020-03-19	North America / USA / California	Human			Male	71	unknown		Original			A.1	S	(NSP13_P504L,NSP13_Y541C,NS8_L84S)
hCoV-19/USA/GA-QDX-1742/2020	EPI_ISL_604025	2020-03-16	North America / USA / Georgia	Human			Male	39	unknown		Original			A.3	S	(NSP14_F233L,N_A208G,NSP3_P153L,NS8_V62L,NSP8_M129I,NSP1_D75E,NS8_L84S)
hCoV-19/USA/UT-QDX-1786/2020	EPI_ISL_604118	2020-03-16	North America / USA / Utah	Human			Female	35	unknown		Original			A.1	S	(NSP13_P504L,NSP13_Y541C,NS8_L84S)
hCoV-19/USA/UT-QDX-1823/2020	EPI_ISL_604143	2020-03-16	North America / USA / Utah	Human			Female	78	unknown		Original			A.1	S	(NSP13_P504L,NSP13_Y541C,NS8_L84S)
hCoV-19/USA/UT-QDX-1825/2020	EPI_ISL_604144	2020-03-14	North America / USA / Utah	Human			Female	30	unknown		Original			A.3	S	(NSP14_F233L,N_A208G,NSP3_P153L,NS8_V62L,NSP8_M129I,NSP1_D75E,NS8_L84S)
hCoV-19/USA/UT-QDX-1828/2020	EPI_ISL_604146	2020-03-15	North America / USA / Utah	Human			Male	38	unknown		Original			A.1	S	(NSP13_P504L,NSP13_Y541C,NS8_L84S)
hCoV-19/USA/UT-QDX-1833/2020	EPI_ISL_604151	2020-03-14	North America / USA / Utah	Human			Female	58	unknown		Original			A.3	S	(NSP14_F233L,N_A208G,NSP3_P153L,NS8_V62L,NSP8_M129I,NSP1_D75E,NS8_L84S)
hCoV-19/USA/UT-QDX-1843/2020	EPI_ISL_604159	2020-03-15	North America / USA / Utah	Human			Female	21	unknown		Original			A.1	S	(NSP13_P504L,NSP13_Y541C,NS8_L84S)
hCoV-19/USA/CA-QDX-1917/2020	EPI_ISL_604202	2020-03-16	North America / USA / California	Human			Male	42	unknown		Original			A.1	S	(NSP13_P504L,NSP13_Y541C,NS8_L84S)
hCoV-19/USA/MI-QDX-1909/2020	EPI_ISL_604225	2020-03-14	North America / USA / Michigan	Human			Female	40	unknown		Original			A.1	S	(NSP13_P504L,NSP13_Y541C,NS8_L84S)
hCoV-19/USA/CA-QDX-2022/2020	EPI_ISL_604310	2020-03-19	North America / USA / California	Human			Female	74	unknown		Original			A.3	S	(NSP14_F233L,N_A208G,NSP3_P153L,NS8_V62L,NSP8_M129I,NSP1_D75E,NS8_L84S)
hCoV-19/USA/FL-QDX-2018/2020	EPI_ISL_604326	2020-03-16	North America / USA / Florida	Human			Male	66	unknown		Original			A.3	S	(NSP14_F233L,N_A208G,NSP3_P153L,NS8_V62L,NSP8_M129I,NSP1_D75E,NS8_L84S)
hCoV-19/USA/UT-QDX-1989/2020	EPI_ISL_604378	2020-03-15	North America / USA / Utah	Human			Female	52	unknown		Original			A.1	S	(NSP13_P504L,NSP13_Y541C,NS8_L84S)
hCoV-19/USA/MN-QDX-2258/2020	EPI_ISL_604551	2020-03-14	North America / USA / Minnesota	Human			Male	78	unknown		Original			A.3	S	(NSP14_F233L,N_A208G,NSP3_P153L,NS8_V62L,NSP8_M129I,NSP1_D75E,NS8_L84S)
hCoV-19/USA/UT-QDX-2215/2020	EPI_ISL_604587	2020-03-12	North America / USA / Utah	Human			Male	22	unknown		Original			A.1	S	(NSP13_P504L,NS6_Y31del,NS6_I33del,NS6_I32del,NSP13_Y541C,NS6_D30del,NS8_L84S)
hCoV-19/USA/UT-QDX-2286/2020	EPI_ISL_604607	2020-03-12	North America / USA / Utah	Human			Male	65	unknown		Original			A.1	S	(NSP13_P504L,NSP13_Y541C,NS8_L84S)
hCoV-19/USA/CA-QDX-2357/2020	EPI_ISL_604653	2020-03-16	North America / USA / California	Human			Female	28	unknown		Original			A.1	S	(NSP13_P504L,NSP13_Y541C,NS8_L84S)
hCoV-19/USA/CO-QDX-2403/2020	EPI_ISL_604691	2020-03-16	North America / USA / Colorado	Human			Female	69	unknown		Original			A.1	S	(NSP13_P504L,NSP13_Y541C,NS8_L84S)
hCoV-19/USA/GA-QDX-2420/2020	EPI_ISL_604695	2020-03-16	North America / USA / Georgia	Human			Female	55	unknown		Original			A.3	S	(NSP14_F233L,N_A208G,NSP3_P153L,NS8_V62L,NSP8_M129I,NSP1_D75E,NS8_L84S)
hCoV-19/USA/GA-QDX-2425/2020	EPI_ISL_604697	2020-03-16	North America / USA / Georgia	Human			Male	43	unknown		Original			A.3	S	(NSP14_F233L,N_A208G,NSP3_P153L,NS8_V62L,NSP8_M129I,NSP1_D75E,NS8_L84S)
hCoV-19/USA/GA-QDX-2511/2020	EPI_ISL_604780	2020-03-13	North America / USA / Georgia	Human			Female	32	unknown		Original			A.1	S	(NSP13_P504L,NSP13_Y541C,NS8_L84S)
hCoV-19/USA/MO-QDX-2516/2020	EPI_ISL_604785	2020-03-14	North America / USA / Missouri	Human			Male	70	unknown		Original			A.1	S	(NSP13_P504L,NSP13_Y541C,NS8_L84S)
hCoV-19/USA/UT-QDX-2479/2020	EPI_ISL_604849	2020-03-13	North America / USA / Utah	Human			Male	59	unknown		Original			A.1	S	(NSP13_P504L,NSP13_Y541C,NS8_L84S)
hCoV-19/USA/UT-QDX-2490/2020	EPI_ISL_604852	2020-03-12	North America / USA / Utah	Human			Female	52	unknown		Original			A.1	S	(NSP13_P504L,NSP13_Y541C,NS8_L84S)
hCoV-19/USA/UT-QDX-2491/2020	EPI_ISL_604853	2020-03-12	North America / USA / Utah	Human			Male	72	unknown		Original			A.3	S	(NSP1_F143del,NSP14_F233L,NSP1_K141del,NSP1_S142del,N_A208G,NSP3_P153L,NS8_V62L,NSP8_M129I,NSP1_D75E,NS8_L84S)
hCoV-19/USA/UT-QDX-2526/2020	EPI_ISL_604860	2020-03-13	North America / USA / Utah	Human			Female	42	unknown		Original			A.1	S	(NSP13_P504L,NSP13_Y541C,NS8_L84S)
hCoV-19/USA/UT-QDX-2550/2020	EPI_ISL_604865	2020-03-13	North America / USA / Utah	Human			Male	42	unknown		Original			A.3	S	(NSP14_F233L,N_A208G,NSP3_P153L,NS8_V62L,NSP8_M129I,NSP1_D75E,NS8_L84S)
hCoV-19/USA/CA-QDX-2603/2020	EPI_ISL_604890	2020-03-16	North America / USA / California	Human			Male	41	unknown		Original			A.1	S	(NSP13_P504L,NSP13_Y541C,NS8_L84S)
hCoV-19/USA/CA-QDX-2637/2020	EPI_ISL_604902	2020-03-15	North America / USA / California	Human			Male	40	unknown		Original			A.1	S	(NSP13_P504L,NSP13_Y541C,NS8_L84S)
hCoV-19/USA/CA-QDX-2640/2020	EPI_ISL_604904	2020-03-16	North America / USA / California	Human			Female	76	unknown		Original			A.1	S	(NSP13_P504L,NSP13_Y541C,NS8_L84S)
hCoV-19/USA/CA-QDX-2745/2020	EPI_ISL_605021	2020-03-16	North America / USA / California	Human			Male	51	unknown		Original			A.1	S	(NSP13_P504L,NSP13_Y541C,NS8_L84S)
hCoV-19/USA/IL-NM-0080/2020	EPI_ISL_626362	2020-03-17	North America / USA / Illinois / Chicago	Human			unknown	unknown	unknown		Original			A.1	S	(NSP13_P504L,NSP13_Y541C,NS8_L84S)
hCoV-19/USA/IL-NM-0672/2020	EPI_ISL_626464	2020-03-28	North America / USA / Illinois / Chicago	Human			unknown	unknown	unknown		Original			A.3	S	(NSP14_F233L,N_A208G,NSP3_P153L,NS8_V62L,NSP8_M129I,NSP1_D75E,NS8_L84S)
hCoV-19/USA/MS-CDC-3861412-001/2020	EPI_ISL_648026	2020-03-15	North America / USA / Mississippi	Human			Male	82	unknown		Original	Nasopharyngeal swab		A.3	S	(NSP14_F233L,N_A208G,NSP3_P153L,NS8_V62L,NSP8_M129I,NSP1_D75E,NS8_L84S)
hCoV-19/USA/GA-EHC-031E/2020	EPI_ISL_754749	2020-03-15	North America / USA / Georgia	Human			Male	63	unknown		Original	Nasopharyngeal swab		A.1	S	(NSP13_P504L,NSP13_Y541C,NS8_L84S)
hCoV-19/USA/GA-EHC-043Q/2020	EPI_ISL_754759	2020-03-15	North America / USA / Georgia	Human			Male	74	unknown		Original	Nasopharyngeal swab		A.3	S	(NSP14_F233L,N_A208G,NSP3_P153L,NS8_V62L,NSP8_M129I,NSP1_D75E,NS8_L84S)
hCoV-19/USA/GA-EHC-054B/2020	EPI_ISL_754764	2020-03-16	North America / USA / Georgia	Human			Male	38	unknown		Original	Nasopharyngeal swab		A.3	S	(NSP14_F233L,N_A208G,NSP3_P153L,NS8_V62L,NSP8_M129I,NSP1_D75E,NS8_L84S)
hCoV-19/USA/IL-IDPH-C-000124/2020	EPI_ISL_848251	2020-03-22	North America / USA / Illinois / Cook County	Human			unknown	unknown	unknown		Original			A.3	S	(NSP14_F233L,N_A208G,NSP3_P153L,NS8_V62L,NSP8_M129I,NSP1_D75E,NS8_L84S)
hCoV-19/USA/ND-NDDH-0017/2020	EPI_ISL_848546	2020-03-24	North America / USA / North Dakota	Human			unknown	unknown	unknown		Original			A.1	S	(NSP13_P504L,NSP13_Y541C,NS8_L84S)
hCoV-19/USA/NY-WCM-0397-1-P/2020	EPI_ISL_855282	2020-03-15	North America / USA / New York	Human			unknown	unknown	unknown		Original	Nasal swab		A.3	S	(NSP14_F233L,N_A208G,NSP3_P153L,NS8_V62L,NSP8_M129I,NSP1_D75E,NS8_L84S)
hCoV-19/USA/KS-KHEL-0005/2020	EPI_ISL_875679	2020-03-15	North America / USA / Kansas	Human			Male	21	unknown		Original			A.1	S	(NSP13_P504L,NSP13_Y541C,NS8_L84S)
hCoV-19/Australia/NSW-SAVID-2012/2020	EPI_ISL_8767097	2020-03-22	Oceania / Australia / New South Wales / Sydney	Human			Female	23	unknown		Original			A.1	S	(NSP13_P504L,NSP13_Y541C,NS8_L84S)
hCoV-19/Australia/NSW-SAVID-2015/2020	EPI_ISL_8767098	2020-03-22	Oceania / Australia / New South Wales / Sydney	Human			Female	30	unknown		Original			A.1	S	(NSP13_P504L,NSP13_Y541C,NS8_L84S)
hCoV-19/Australia/NSW-SAVID-2187/2020	EPI_ISL_8767122	2020-03-21	Oceania / Australia / New South Wales / Sydney	Human			Male	31	unknown		Original			A.1	S	(NSP13_P504L,NSP13_Y541C,NS8_L84S)
hCoV-19/Australia/NSW-SAVID-2216/2020	EPI_ISL_8767125	2020-03-20	Oceania / Australia / New South Wales / Sydney	Human			Female	29	unknown		Original			A.1	S	(NSP13_P504L,NSP13_Y541C,NS8_L84S)
hCoV-19/Australia/NSW-SAVID-2519/2020	EPI_ISL_8767144	2020-03-23	Oceania / Australia / New South Wales / Sydney	Human			Male	26	unknown		Original			A.1	S	(NSP13_I195J,NSP13_P504L,NSP13_Y541C,NS8_L84S)
hCoV-19/USA/un-UOM-20x1025/2020	EPI_ISL_884541	2020-03-24	North America / USA	Human			unknown	unknown	unknown		Original	Nasopharyngeal swab		A.3	S	(NSP14_F233L,N_A208G,NSP3_P153L,NS8_V62L,NSP8_M129I,NSP1_D75E,NS8_L84S)
hCoV-19/USA/un-UOM-20x1052/2020	EPI_ISL_884552	2020-03-28	North America / USA	Human			unknown	unknown	unknown		Original	Nasopharyngeal swab		A.3	S	(NSP14_F233L,N_A208G,NSP3_P153L,NS8_V62L,NSP8_M129I,NSP1_D75E,NS8_L84S)
hCoV-19/Canada/QC-JUS-V5251652/2020	EPI_ISL_890487	2020-03-25	North America / Canada / Quebec	Human			Female	50	unknown		Original			A.1	S	(NSP13_P504L,NSP13_Y541C,NS8_L84S)
hCoV-19/USA/IN-Lilly-IPB0173-06bc31/2020	EPI_ISL_911470	2020-03-24	North America / USA / Indiana / Indianapolis	Human			Male	48	unknown		Original	Nasopharyngeal swab		A.3	S	(NSP14_F233L,N_A208G,NSP3_P153L,NS8_V62L,NSP8_M129I,NSP1_D75E,NS8_L84S)
hCoV-19/USA/IN-Lilly-IPB0173-09bc10/2020	EPI_ISL_911612	2020-03-25	North America / USA / Indiana / Indianapolis	Human			Female	67	unknown		Original	Nasopharyngeal swab		A.1	S	(NSP13_P504L,NSP13_Y541C,NS8_L84S)
hCoV-19/Canada/ON-SC0059/2020	EPI_ISL_933603	2020-03-10	North America / Canada / Ontario / Toronto	Human			unknown	unknown	unknown		Original			A.1	S	(NSP13_P504L,NSP13_Y541C,NS8_L84S)
hCoV-19/USA/IL-NM-0933/2020	EPI_ISL_936513	2020-05-25	North America / USA / Illinois / Lake County	Human			unknown	unknown	unknown		Original			A.3	S	(NSP14_F233L,N_A208G,NSP3_P153L,NS8_V62L,NSP8_M129I,NSP1_D75E,NS8_L84S)
hCoV-19/USA/OH-ODH-SC21892/2020	EPI_ISL_940553	2020-03-23	North America / USA / Ohio	Human			Female	58	unknown		Original		Screened for S gene dropout	A.1	S	(NSP13_P504L,NSP13_Y541C,NS8_L84S)
hCoV-19/USA/OH-PLMI-J4BFF-2213/2020	EPI_ISL_956175	2020-03	North America / USA / Ohio	Human			Female	62	unknown		Original	Nasopharyngeal swab		A.1	S	(NSP13_P504L,NSP13_Y541C,NS8_L84S)
